"sample_id","cohort","actual_age","predicted_age","predicted_log_age","model"
"fraga_205837540003_R04C01","fraga",79,57.3480795443568,4.06642644549782,"pca_linear_all"
"fraga_205837540006_R06C01","fraga",36,31.5723951402856,3.48346515481847,"pca_linear_all"
"fraga_205837540012_R03C01","fraga",54,61.5634512366981,4.13618126154244,"pca_linear_all"
"fraga_205837540012_R05C01","fraga",59,53.6797244391643,4.00149297232521,"pca_linear_all"
"fraga_205837540014_R01C01","fraga",26,27.1892772549985,3.33894166645037,"pca_linear_all"
"fraga_205837540025_R05C01","fraga",70,68.5576543083442,4.2421559670708,"pca_linear_all"
"fraga_205837540027_R03C01","fraga",45,40.3165330700249,3.72126273632722,"pca_linear_all"
"fraga_205837540064_R01C01","fraga",40,38.562843696848,3.67789038730673,"pca_linear_all"
"fraga_205837540064_R07C01","fraga",27,28.206994375179,3.37440821398723,"pca_linear_all"
"fraga_205837540066_R01C01","fraga",37,35.8447609224066,3.60671343545878,"pca_linear_all"
"fraga_205837540066_R02C01","fraga",34,34.2591554699626,3.5627252251787,"pca_linear_all"
"fraga_205837540066_R04C01","fraga",80,80.2896715878724,4.39801896774383,"pca_linear_all"
"johansson_GSM2333901_9370847096_R05C02","johansson",72,76.422116730236,4.34927248564679,"pca_linear_all"
"johansson_GSM2333903_7766148053_R06C02","johansson",23,23.2699610157289,3.18923941346318,"pca_linear_all"
"johansson_GSM2333909_9379082138_R01C01","johansson",33,34.4803391551395,3.56897871644697,"pca_linear_all"
"johansson_GSM2333922_7766148025_R06C02","johansson",68,63.8215030303932,4.17163738520133,"pca_linear_all"
"johansson_GSM2333927_9370847011_R02C01","johansson",74,75.4062597869677,4.33606462720043,"pca_linear_all"
"johansson_GSM2333932_7766148030_R01C02","johansson",45,46.2192502300795,3.85480165330343,"pca_linear_all"
"johansson_GSM2333944_7512551037_R01C01","johansson",62,59.2239316539501,4.09806980909826,"pca_linear_all"
"johansson_GSM2333945_9370847125_R01C01","johansson",57,55.121335411527,4.02751605059489,"pca_linear_all"
"johansson_GSM2333946_9370847125_R05C02","johansson",50,58.0108370872674,4.07772110648393,"pca_linear_all"
"johansson_GSM2333956_7766148026_R05C01","johansson",28,29.0425615492008,3.40261509453887,"pca_linear_all"
"johansson_GSM2333959_7766148077_R01C02","johansson",25,23.0490441786534,3.18009525267066,"pca_linear_all"
"johansson_GSM2333961_7766148003_R06C02","johansson",22,20.629720285949,3.07406830811755,"pca_linear_all"
"johansson_GSM2333965_7766148116_R02C01","johansson",21,21.3932803673668,3.10876093025722,"pca_linear_all"
"johansson_GSM2333967_9370847096_R03C02","johansson",62,60.4858341888286,4.11880680988748,"pca_linear_all"
"johansson_GSM2333975_7766148114_R06C01","johansson",23,21.9499323364975,3.13331498820144,"pca_linear_all"
"johansson_GSM2333982_7766148112_R05C01","johansson",19,18.4317112219408,2.96690633063539,"pca_linear_all"
"johansson_GSM2333987_9370847011_R04C02","johansson",18,19.1699686132862,3.00419479585614,"pca_linear_all"
"johansson_GSM2333992_7766148030_R02C02","johansson",35,39.0818475571591,3.69092355244969,"pca_linear_all"
"johansson_GSM2333998_9370847011_R05C01","johansson",32,30.7619135791356,3.45826788579613,"pca_linear_all"
"johansson_GSM2334003_7766148112_R04C01","johansson",46,39.9932573829372,3.71340759910555,"pca_linear_all"
"johansson_GSM2334006_7766148120_R03C01","johansson",70,69.155784718587,4.25071826528104,"pca_linear_all"
"johansson_GSM2334008_9370847081_R04C01","johansson",41,41.5703927839109,3.75115900657482,"pca_linear_all"
"johansson_GSM2334031_7766148077_R05C02","johansson",48,48.2157520045275,3.89621373495077,"pca_linear_all"
"johansson_GSM2334034_7766148116_R03C02","johansson",31,30.2414817492067,3.44174675499925,"pca_linear_all"
"johansson_GSM2334051_9370847091_R06C02","johansson",64,62.6074176389242,4.15273009308821,"pca_linear_all"
"johansson_GSM2334052_7766148077_R01C01","johansson",43,44.525886678507,3.81828110216221,"pca_linear_all"
"johansson_GSM2334053_7766148130_R02C01","johansson",39,37.9162078561383,3.6614108182475,"pca_linear_all"
"johansson_GSM2334054_9370847092_R04C02","johansson",74,74.9112371965609,4.32956472609848,"pca_linear_all"
"johansson_GSM2334055_7766148130_R03C01","johansson",44,40.6560404494201,3.72944638689479,"pca_linear_all"
"johansson_GSM2334056_7766148057_R05C02","johansson",47,46.5634895555911,3.86206544077927,"pca_linear_all"
"johansson_GSM2334058_7766148057_R06C02","johansson",19,20.0029022475157,3.04466063043702,"pca_linear_all"
"johansson_GSM2334059_7766148130_R05C01","johansson",15,14.3656583492825,2.73213504199824,"pca_linear_all"
"johansson_GSM2334063_9370847081_R02C02","johansson",80,87.0183498697628,4.47754531398798,"pca_linear_all"
"johansson_GSM2334082_7766148041_R06C02","johansson",30,24.6931862095487,3.2462258287154,"pca_linear_all"
"johansson_GSM2334086_9370847015_R04C01","johansson",59,45.7389545191399,3.84457796084899,"pca_linear_all"
"johansson_GSM2334090_9370847015_R05C01","johansson",83,73.7237134132305,4.31379749040024,"pca_linear_all"
"johansson_GSM2334093_7766148058_R06C02","johansson",83,84.4628541069727,4.44808182665064,"pca_linear_all"
"johansson_GSM2334094_9370847015_R06C01","johansson",22,23.0760918728563,3.18121930963008,"pca_linear_all"
"johansson_GSM2334117_7766148120_R01C01","johansson",25,23.6942644113038,3.20657100660033,"pca_linear_all"
"johansson_GSM2334119_9370847081_R03C01","johansson",50,49.4884068336883,3.92174374227689,"pca_linear_all"
"johansson_GSM2334126_9370847125_R03C02","johansson",35,34.7224743202513,3.5757800234931,"pca_linear_all"
"johansson_GSM2334142_9370847063_R02C02","johansson",71,72.0399121734805,4.29100603384186,"pca_linear_all"
"johansson_GSM2334156_7766148026_R04C02","johansson",17,15.2923420327714,2.79069518347517,"pca_linear_all"
"johansson_GSM2334158_7766148026_R05C02","johansson",22,23.2162385887659,3.18702342419673,"pca_linear_all"
"johansson_GSM2334160_7766148026_R06C02","johansson",24,21.9631090915859,3.1338889756804,"pca_linear_all"
"johansson_GSM2334165_7766148084_R04C02","johansson",45,39.2303385294438,3.69462140077699,"pca_linear_all"
"johansson_GSM2334168_9376538120_R04C01","johansson",45,43.8453588562343,3.80322010168388,"pca_linear_all"
"johansson_GSM2334177_9370847096_R04C01","johansson",50,51.8492279231593,3.96744310337622,"pca_linear_all"
"johansson_GSM2334179_9376561035_R03C02","johansson",62,55.4097678986206,4.03264233320026,"pca_linear_all"
"johansson_GSM2334186_7512551050_R05C02","johansson",34,33.708247341427,3.5469773342579,"pca_linear_all"
"johansson_GSM2334187_7512551050_R03C02","johansson",47,46.7900964942651,3.86681843171892,"pca_linear_all"
"johansson_GSM2334195_7512560144_R04C02","johansson",29,31.1757067971861,3.47121172051942,"pca_linear_all"
"johansson_GSM2334201_9379082151_R03C01","johansson",33,30.3546902849456,3.44536386625351,"pca_linear_all"
"johansson_GSM2334207_9379082102_R06C02","johansson",21,22.2667324395832,3.1470245480124,"pca_linear_all"
"johansson_GSM2334211_7512560144_R04C01","johansson",44,42.7699821825956,3.77894824413385,"pca_linear_all"
"johansson_GSM2334221_9370847131_R02C02","johansson",51,48.9854795154102,3.91173255355929,"pca_linear_all"
"johansson_GSM2334231_9379082101_R05C02","johansson",77,75.2083807167141,4.33347143980387,"pca_linear_all"
"johansson_GSM2334233_9379082101_R06C02","johansson",64,63.6778042440169,4.16941808614282,"pca_linear_all"
"johansson_GSM2334237_7766148055_R05C01","johansson",26,27.4775950766591,3.34911764044527,"pca_linear_all"
"johansson_GSM2334240_7512560102_R02C02","johansson",37,35.6371360500867,3.60106237217905,"pca_linear_all"
"johansson_GSM2334241_9379082134_R06C02","johansson",36,34.3364929070462,3.56491622334359,"pca_linear_all"
"johansson_GSM2334246_9376537113_R02C02","johansson",51,58.679783139079,4.08899332216033,"pca_linear_all"
"johansson_GSM2334253_7512551050_R06C01","johansson",45,45.8234182120124,3.84638346691627,"pca_linear_all"
"johansson_GSM2334262_9379082102_R06C01","johansson",15,17.4690451365615,2.91609609480012,"pca_linear_all"
"johansson_GSM2334266_7766148001_R06C02","johansson",81,80.1553354474557,4.39636503976548,"pca_linear_all"
"johansson_GSM2334277_9379082102_R05C01","johansson",50,45.0167950447747,3.8290064395218,"pca_linear_all"
"johansson_GSM2334280_9379082102_R04C01","johansson",73,72.7580627453681,4.30079031460527,"pca_linear_all"
"johansson_GSM2334284_7766148001_R05C01","johansson",65,67.5790416106571,4.22798697217272,"pca_linear_all"
"johansson_GSM2334287_9379082108_R01C01","johansson",57,60.7495092330019,4.12308602783281,"pca_linear_all"
"johansson_GSM2334288_9379082151_R05C02","johansson",62,62.4412150143029,4.15011372932325,"pca_linear_all"
"johansson_GSM2334290_9376561035_R04C01","johansson",70,68.0170115325795,4.23435301816072,"pca_linear_all"
"johansson_GSM2334291_7512560137_R06C02","johansson",21,20.8366905853637,3.08359160942069,"pca_linear_all"
"johansson_GSM2334300_9379082152_R05C02","johansson",36,39.8653867241714,3.71028341438034,"pca_linear_all"
"johansson_GSM2334321_7766148002_R05C01","johansson",19,18.9904453361918,2.99525442621272,"pca_linear_all"
"johansson_GSM2334324_7512560137_R06C01","johansson",36,37.1678762612692,3.64199422625899,"pca_linear_all"
"johansson_GSM2334329_9376561035_R03C01","johansson",33,31.5720777020895,3.48345540915066,"pca_linear_all"
"johansson_GSM2334334_9379082134_R01C01","johansson",82,79.0550898700515,4.38271502105724,"pca_linear_all"
"johansson_GSM2334339_9379082134_R01C02","johansson",34,38.6458861275974,3.6799871880346,"pca_linear_all"
"johansson_GSM2334340_9376561035_R05C02","johansson",46,46.719131353718,3.86533239408244,"pca_linear_all"
"johansson_GSM2334358_7512560092_R03C02","johansson",19,20.4920054373723,3.06768102586172,"pca_linear_all"
"johansson_GSM2334362_7512560092_R04C02","johansson",15,14.5567658170125,2.74449564476886,"pca_linear_all"
"johansson_GSM2334365_9376538150_R01C01","johansson",54,47.3779126253653,3.87904335884731,"pca_linear_all"
"johansson_GSM2334368_9370847124_R06C02","johansson",25,25.9072434850375,3.29239552489662,"pca_linear_all"
"johansson_GSM2334372_7512560092_R03C01","johansson",21,21.8452065280816,3.12874131538065,"pca_linear_all"
"johansson_GSM2334374_9379082133_R06C01","johansson",48,56.3071765550665,4.04842586116728,"pca_linear_all"
"johansson_GSM2334379_7512560092_R04C01","johansson",47,49.0987236991083,3.91399553269863,"pca_linear_all"
"johansson_GSM2334386_7512560092_R05C01","johansson",41,43.4072065797319,3.7934017666216,"pca_linear_all"
"johansson_GSM2334389_9370847124_R01C02","johansson",77,84.5124458543638,4.44866193089719,"pca_linear_all"
"johansson_GSM2334390_9379082133_R05C02","johansson",44,45.031374293229,3.82932321385161,"pca_linear_all"
"johansson_GSM2334402_7766148053_R02C01","johansson",60,59.6761447258719,4.10555061795092,"pca_linear_all"
"johansson_GSM2334411_7512560102_R03C01","johansson",47,49.7820374968717,3.92754269947457,"pca_linear_all"
"johansson_GSM2334417_9379082133_R03C01","johansson",51,51.6512015876212,3.9636890604966,"pca_linear_all"
"johansson_GSM2334420_7512560102_R06C02","johansson",42,45.1404323259147,3.83168962257416,"pca_linear_all"
"johansson_GSM2334423_7512560102_R04C02","johansson",33,35.5785403117009,3.59946173816711,"pca_linear_all"
"johansson_GSM2334425_9376537113_R04C02","johansson",49,54.5369286349738,4.01704818029506,"pca_linear_all"
"johansson_GSM2334428_9370847131_R05C01","johansson",17,17.0849618181515,2.89508075415779,"pca_linear_all"
"johansson_GSM2334433_7512560134_R04C01","johansson",40,42.0611739836965,3.76262175546834,"pca_linear_all"
"johansson_GSM2334434_9376538150_R06C01","johansson",39,38.9198513978442,3.68687372893744,"pca_linear_all"
"johansson_GSM2334437_9376538150_R03C01","johansson",39,39.1635223553631,3.69295917958922,"pca_linear_all"
"johansson_GSM2334439_9376561035_R01C01","johansson",56,52.7719588309373,3.98475211996903,"pca_linear_all"
"johansson_GSM2334441_7766148041_R02C02","johansson",46,47.5026040021032,3.88161748726715,"pca_linear_all"
"johansson_GSM2334457_7766148116_R06C02","johansson",71,72.1126155752867,4.29200093155486,"pca_linear_all"
"johansson_GSM2334459_7766148122_R05C01","johansson",42,44.2556811110022,3.81232821167968,"pca_linear_all"
"johansson_GSM2334469_7766148122_R05C02","johansson",40,37.7035951995177,3.65593249493322,"pca_linear_all"
"johansson_GSM2334472_7766148113_R06C01","johansson",39,40.4671404234006,3.72490131657333,"pca_linear_all"
"johansson_GSM2334475_7766148113_R02C01","johansson",16,14.4919524236447,2.74032069062046,"pca_linear_all"
"johansson_GSM2334482_7766148061_R05C01","johansson",54,59.2703019151466,4.09883947685932,"pca_linear_all"
"johansson_GSM2334486_7766148061_R01C02","johansson",35,30.9948992226418,3.46557649080187,"pca_linear_all"
"johansson_GSM2334500_7766148131_R01C02","johansson",18,17.2855758813327,2.90611254584604,"pca_linear_all"
"johansson_GSM2334506_7766148131_R04C02","johansson",66,64.877552447044,4.18779775293508,"pca_linear_all"
"johansson_GSM2334511_7766148098_R05C01","johansson",58,45.4929139245479,3.83929991226157,"pca_linear_all"
"johansson_GSM2334515_9376561048_R04C01","johansson",74,73.9815466852665,4.31724203906602,"pca_linear_all"
"johansson_GSM2334520_9376561048_R01C01","johansson",81,80.2172585207626,4.39712776794264,"pca_linear_all"
"johansson_GSM2334525_7766148012_R05C01","johansson",58,61.5990594135235,4.1367502526501,"pca_linear_all"
"johansson_GSM2334527_9376561056_R06C01","johansson",33,30.9153682256947,3.46308765634144,"pca_linear_all"
"johansson_GSM2334528_7766148012_R02C01","johansson",30,27.4720534973868,3.3489230271534,"pca_linear_all"
"johansson_GSM2334531_7766148012_R06C01","johansson",22,24.0387062424386,3.22042287726284,"pca_linear_all"
"johansson_GSM2334532_7766148012_R03C01","johansson",15,15.7463946866648,2.81818299251589,"pca_linear_all"
"johansson_GSM2334536_9376561015_R01C01","johansson",63,66.4108510764905,4.21080600016008,"pca_linear_all"
"johansson_GSM2334540_9376561015_R02C01","johansson",79,80.4970566649979,4.40056690505477,"pca_linear_all"
"johansson_GSM2334546_9376561015_R05C01","johansson",80,75.7298705703735,4.34029107936909,"pca_linear_all"
"johansson_GSM2334551_9376561048_R05C02","johansson",45,45.9791039348745,3.84970290571712,"pca_linear_all"
"johansson_GSM2334552_9376561048_R03C02","johansson",45,45.0086146483037,3.82882865391845,"pca_linear_all"
"johansson_GSM2334553_9376561048_R06C02","johansson",26,27.4101896007617,3.34674786957708,"pca_linear_all"
"johansson_GSM2334558_7766148016_R05C01","johansson",33,33.7685500894861,3.54871324510676,"pca_linear_all"
"johansson_GSM2334566_7766148016_R02C01","johansson",53,54.9055162280426,4.02366305557946,"pca_linear_all"
"johansson_GSM2334586_7766148061_R06C02","johansson",70,73.4452631404636,4.31006413239753,"pca_linear_all"
"johansson_GSM2334600_7766148084_R03C01","johansson",72,67.4162459677358,4.22561031057467,"pca_linear_all"
"johansson_GSM2334606_7766148103_R02C01","johansson",64,68.9936257766761,4.24840417756992,"pca_linear_all"
"johansson_GSM2334612_7512551003_R03C02","johansson",77,83.2617636714151,4.43392818763273,"pca_linear_all"
"johansson_GSM2334614_7512551003_R02C02","johansson",73,73.0647668180798,4.30493993768746,"pca_linear_all"
"johansson_GSM2334621_7512551037_R04C02","johansson",62,60.3006182442739,4.11578992844227,"pca_linear_all"
"johansson_GSM2334623_7512551003_R05C01","johansson",56,53.4827840594814,3.99788476294896,"pca_linear_all"
"johansson_GSM2334626_7766148103_R06C01","johansson",16,12.6140794608372,2.61110451170898,"pca_linear_all"
"johansson_GSM2334627_7512551037_R04C01","johansson",53,39.301367595188,3.69638540374131,"pca_linear_all"
"johansson_GSM2334633_7766148084_R01C01","johansson",52,55.7549280881607,4.03874249114916,"pca_linear_all"
"kalyakulina_GSM7468916_204367460032_R04C01","kalyakulina",76.57,75.7821974835997,4.34097280968406,"pca_linear_all"
"kalyakulina_GSM7468918_204367490018_R08C01","kalyakulina",54.11,62.3829803145818,4.1491953761074,"pca_linear_all"
"kalyakulina_GSM7468956_204390590123_R03C01","kalyakulina",64.49,58.0382903534406,4.07818622244477,"pca_linear_all"
"kalyakulina_GSM7468980_204367490058_R04C01","kalyakulina",79.71,70.0406303063686,4.26325197120042,"pca_linear_all"
"kalyakulina_GSM7468984_204367490018_R06C01","kalyakulina",84.99,92.2836791303751,4.53564516361656,"pca_linear_all"
"kalyakulina_GSM7468988_204373100094_R02C01","kalyakulina",46.06,45.3185449282186,3.83554241930454,"pca_linear_all"
"kalyakulina_GSM7468991_204367490072_R02C01","kalyakulina",29.24,28.4099585569159,3.3813333434155,"pca_linear_all"
"kalyakulina_GSM7468993_204367460065_R06C01","kalyakulina",36.32,39.5037890800708,3.70139552726887,"pca_linear_all"
"kalyakulina_GSM7468995_204367490072_R08C01","kalyakulina",84.77,88.5837910907362,4.49517440061079,"pca_linear_all"
"kalyakulina_GSM7468999_205724790012_R01C01","kalyakulina",93.32,89.4874324034492,4.50521097259259,"pca_linear_all"
"kalyakulina_GSM7469001_205724790012_R03C01","kalyakulina",84.27,83.700318082073,4.43911935704733,"pca_linear_all"
"kalyakulina_GSM7469003_205724790012_R05C01","kalyakulina",86.3,96.6604810073409,4.58149698394742,"pca_linear_all"
"kalyakulina_GSM7469005_205724790012_R07C01","kalyakulina",51.88,52.1816038032894,3.9737125433761,"pca_linear_all"
"kalyakulina_GSM7469012_205724790027_R06C01","kalyakulina",43.41,45.8336501614658,3.84660196509631,"pca_linear_all"
"kalyakulina_GSM7469016_205724790046_R02C01","kalyakulina",32.78,30.6094541618668,3.45345625818431,"pca_linear_all"
"kalyakulina_GSM7469017_205724790046_R03C01","kalyakulina",41.18,38.9185665919355,3.68684154378295,"pca_linear_all"
"kalyakulina_GSM7469034_205724780160_R04C01","kalyakulina",97.77,98.5289307526071,4.6004483632344,"pca_linear_all"
"kalyakulina_GSM7469040_205724780161_R02C01","kalyakulina",76.06,78.9858076275302,4.38184921427994,"pca_linear_all"
"kalyakulina_GSM7469041_205724780161_R03C01","kalyakulina",76.16,75.1591721179168,4.33282552012357,"pca_linear_all"
"kalyakulina_GSM7469052_205724780167_R06C01","kalyakulina",22.22,23.4994734882437,3.198651627044,"pca_linear_all"
"kalyakulina_GSM7469053_205724780167_R07C01","kalyakulina",94.19,90.1490860466343,4.51249647415871,"pca_linear_all"
"kalyakulina_GSM7469058_205724780168_R04C01","kalyakulina",93.94,88.6847080166424,4.49630027534136,"pca_linear_all"
"kalyakulina_GSM7469062_205724780168_R08C01","kalyakulina",61.47,63.1888572325039,4.16182963227542,"pca_linear_all"
"kalyakulina_GSM7469067_206112280005_R05C01","kalyakulina",37.08,34.8961574674043,3.58063025543151,"pca_linear_all"
"kalyakulina_GSM7469072_206112280009_R02C01","kalyakulina",96.61,94.9098787555734,4.56340898759114,"pca_linear_all"
"kalyakulina_GSM7469083_205809370026_R05C01","kalyakulina",91.6,73.364507122748,4.30897877321043,"pca_linear_all"
"kalyakulina_GSM7469094_205809370064_R08C01","kalyakulina",60.68,53.269504766284,3.99396246266578,"pca_linear_all"
"kalyakulina_GSM7469102_205809370073_R08C01","kalyakulina",68.22,58.6241777798292,4.08806115925731,"pca_linear_all"
"kalyakulina_GSM7469105_205809370080_R03C01","kalyakulina",90.15,90.8733502982627,4.52041100143451,"pca_linear_all"
"kalyakulina_GSM7469118_205809370081_R08C01","kalyakulina",80.54,82.4404935395512,4.42413372557856,"pca_linear_all"
"kalyakulina_GSM7469130_205809370094_R04C01","kalyakulina",94.9,113.748237884295,4.7427404926946,"pca_linear_all"
"kalyakulina_GSM7469131_205809370094_R05C01","kalyakulina",85.76,82.4830404053077,4.42464350230893,"pca_linear_all"
"kalyakulina_GSM7469140_206103240102_R06C01","kalyakulina",88.74,94.3148207612499,4.55718531547579,"pca_linear_all"
"kalyakulina_GSM7469148_205809370103_R06C01","kalyakulina",90.09,85.9461961927969,4.4652894927795,"pca_linear_all"
"kalyakulina_GSM7469155_206103240107_R05C01","kalyakulina",99.18,94.3167869963506,4.5572059441126,"pca_linear_all"
"kalyakulina_GSM7469163_206644410075_R05C01","kalyakulina",15.2657534246575,16.3926396064096,2.85604710560015,"pca_linear_all"
"kurushima_GSM3440330_6042316073_R03C01","kurushima",63.99,68.1342032679393,4.23604959048025,"pca_linear_all"
"kurushima_GSM3440331_6042316073_R05C01","kurushima",63.99,65.9223093131915,4.20353238408854,"pca_linear_all"
"kurushima_GSM3440341_6057825006_R06C02","kurushima",56.02,52.0357993700969,3.97096714534497,"pca_linear_all"
"kurushima_GSM3440348_6929793055_R05C02","kurushima",39.5,38.452604463061,3.67510006445519,"pca_linear_all"
"kurushima_GSM3440353_6929793141_R04C02","kurushima",58.6,61.9983467859823,4.14310848455487,"pca_linear_all"
"kurushima_GSM3440360_6929806011_R06C02","kurushima",44,46.4196482406046,3.85903666265539,"pca_linear_all"
"kurushima_GSM3440363_6929793026_R04C01","kurushima",69.6,65.0091650137448,4.18979359623035,"pca_linear_all"
"kurushima_GSM3440367_6929806039_R03C02","kurushima",62.2,63.3838729842656,4.16486318225113,"pca_linear_all"
"kurushima_GSM3440369_6055432120_R02C02","kurushima",73.06,81.1552384755854,4.40861060965152,"pca_linear_all"
"kurushima_GSM3440372_6929806070_R05C01","kurushima",67.6,62.0864006791515,4.14450522617914,"pca_linear_all"
"kurushima_GSM3440377_6929806008_R02C02","kurushima",63.7,58.9710842839586,4.0938625174565,"pca_linear_all"
"kurushima_GSM3440384_6929793026_R03C01","kurushima",60.3,52.5871476187934,3.98130925609269,"pca_linear_all"
"kurushima_GSM3440396_6929806054_R05C02","kurushima",59.5,62.1719187465027,4.14585987878053,"pca_linear_all"
"kurushima_GSM3440397_6929793033_R06C01","kurushima",43.6,44.1838778195551,3.81074033780274,"pca_linear_all"
"kurushima_GSM3440400_6057825005_R05C02","kurushima",64.11,66.3902325464952,4.21050008970889,"pca_linear_all"
"kurushima_GSM3440402_6929793109_R03C01","kurushima",47.3,48.3195259695897,3.89832006692777,"pca_linear_all"
"kurushima_GSM3440409_6929793057_R03C01","kurushima",51.6,57.344574343062,4.06636636971448,"pca_linear_all"
"kurushima_GSM3440410_6929793004_R06C02","kurushima",59.2,55.5384801906325,4.03492147165359,"pca_linear_all"
"kurushima_GSM3440417_6042308041_R02C01","kurushima",60.9,57.5828495884494,4.07044198460791,"pca_linear_all"
"kurushima_GSM3440418_6929806054_R02C02","kurushima",53.1,44.3813948459073,3.81510221589799,"pca_linear_all"
"kurushima_GSM3440419_6929806054_R03C02","kurushima",53.1,44.2926359793077,3.81314445811131,"pca_linear_all"
"kurushima_GSM3440420_6929806010_R03C02","kurushima",67.9,71.2937298954739,4.2807374019666,"pca_linear_all"
"kurushima_GSM3440424_6929793167_R05C01","kurushima",71.9,67.3800581299891,4.225081234313,"pca_linear_all"
"kurushima_GSM3440425_6929793167_R06C01","kurushima",71.9,64.5005814141138,4.18205901915317,"pca_linear_all"
"kurushima_GSM3440426_6929806039_R03C01","kurushima",64,57.6238686433594,4.07114192838594,"pca_linear_all"
"kurushima_GSM3440429_6042308005_R01C02","kurushima",32.11,32.6127472655507,3.51490537792496,"pca_linear_all"
"kurushima_GSM3440430_6042308005_R03C02","kurushima",32.11,32.9141810960339,3.52383324833132,"pca_linear_all"
"kurushima_GSM3440432_6929793109_R01C01","kurushima",62.2,62.8253852420142,4.15615099902025,"pca_linear_all"
"kurushima_GSM3440436_6057825033_R01C01","kurushima",50.3,49.0212750537561,3.91244841600336,"pca_linear_all"
"kurushima_GSM3440448_6055432139_R05C01","kurushima",59.29,62.0851741273626,4.1444857835782,"pca_linear_all"
"kurushima_GSM3440452_6057825042_R02C01","kurushima",65.69,58.9600222137625,4.09367804371069,"pca_linear_all"
"kurushima_GSM3440456_6929793118_R03C02","kurushima",40.2,39.0550838584774,3.69025560324815,"pca_linear_all"
"kurushima_GSM3440463_6929806023_R06C02","kurushima",49.4,52.4764152968773,3.97924072113301,"pca_linear_all"
"kurushima_GSM3440478_6042316021_R05C02","kurushima",63.64,62.3103116613652,4.1480482173265,"pca_linear_all"
"kurushima_GSM3440489_6929742055_R02C02","kurushima",41.9,40.0232399139294,3.71413873328748,"pca_linear_all"
"kurushima_GSM3440497_6042316098_R03C02","kurushima",62.7,63.4622390656634,4.16607961152189,"pca_linear_all"
"kurushima_GSM3440498_6057825025_R04C02","kurushima",65.52,53.5794585754964,3.99965759539765,"pca_linear_all"
"kurushima_GSM3440503_6929806023_R02C01","kurushima",58.8,61.3043375871849,4.13203104756213,"pca_linear_all"
"kurushima_GSM3440508_6929742023_R05C01","kurushima",51.1,49.6558587608185,3.9250548954923,"pca_linear_all"
"kurushima_GSM3440513_6057825006_R02C02","kurushima",76.56,70.1228142398128,4.26440816072385,"pca_linear_all"
"kurushima_GSM3440514_6042316073_R03C02","kurushima",69.44,70.3441673593053,4.26751559369008,"pca_linear_all"
"kurushima_GSM3440520_6929806014_R02C01","kurushima",59.6,55.3067279526033,4.03081402982831,"pca_linear_all"
"kurushima_GSM3440523_6057825046_R06C01","kurushima",68.13,68.0638340846367,4.23503120858811,"pca_linear_all"
"kurushima_GSM3440533_6929806010_R02C02","kurushima",72,81.2200558365131,4.40939926058058,"pca_linear_all"
"kurushima_GSM3440538_6929793024_R04C01","kurushima",67.1,71.238799557779,4.27997729155342,"pca_linear_all"
"kurushima_GSM3440545_6929742023_R03C02","kurushima",78.7,85.4840116866158,4.45995956086067,"pca_linear_all"
"kurushima_GSM3440547_6929793111_R02C01","kurushima",57.4,61.9170619666977,4.14181738235569,"pca_linear_all"
"kurushima_GSM3440548_6929793111_R03C01","kurushima",57.4,56.8980578405499,4.05868384067525,"pca_linear_all"
"kurushima_GSM3440552_6042308108_R04C01","kurushima",48.99,46.1543798167461,3.85342689589464,"pca_linear_all"
"kurushima_GSM3440555_6055432139_R05C02","kurushima",68.42,73.6002816235,4.31214428231653,"pca_linear_all"
"kurushima_GSM3440558_6929742080_R05C02","kurushima",42.6,38.4354282491255,3.67466460641126,"pca_linear_all"
"kurushima_GSM3440560_6055432102_R04C01","kurushima",70.42,77.4364532820283,4.36228878462547,"pca_linear_all"
"kurushima_GSM3440566_6057825036_R06C02","kurushima",71.21,64.1996449509968,4.17745402338092,"pca_linear_all"
"kurushima_GSM3440574_6929806013_R06C02","kurushima",72.5,69.2027816451234,4.25138793482114,"pca_linear_all"
"kurushima_GSM3440578_6057825036_R05C01","kurushima",64.18,56.3407228677828,4.04901106706887,"pca_linear_all"
"kurushima_GSM3440588_6929806011_R02C01","kurushima",43.7,41.3472613961428,3.74590375303647,"pca_linear_all"
"kurushima_GSM3440590_6929793026_R01C02","kurushima",54.7,44.3460550767667,3.81432318439302,"pca_linear_all"
"kurushima_GSM3440593_6929793103_R04C01","kurushima",57.2,56.1610194901597,4.04587218862969,"pca_linear_all"
"kurushima_GSM3440604_6929793124_R06C02","kurushima",41.5,46.3774329157803,3.8581460165068,"pca_linear_all"
"kurushima_GSM3440606_6042308005_R04C02","kurushima",52.98,51.7110783407063,3.96482564864887,"pca_linear_all"
"kurushima_GSM3440624_6929806039_R06C01","kurushima",49.9,48.2754024006154,3.89742501943092,"pca_linear_all"
"kurushima_GSM3440625_6929793126_R04C02","kurushima",64.7,71.4314421452368,4.28264048889175,"pca_linear_all"
"kurushima_GSM3440627_6929793125_R02C01","kurushima",62.1,67.1597164448061,4.22185372237165,"pca_linear_all"
"kurushima_GSM3440630_6055432140_R06C02","kurushima",56.94,58.5274415467177,4.08643740869626,"pca_linear_all"
"kurushima_GSM3440635_6929793126_R01C02","kurushima",61.7,57.243525210891,4.06463293108978,"pca_linear_all"
"kurushima_GSM3440640_6055432155_R02C02","kurushima",49.4,53.7259531324374,4.00233806002176,"pca_linear_all"
"kurushima_GSM3440652_6929793026_R06C02","kurushima",48.9,49.6808970397494,3.92554905537028,"pca_linear_all"
"kurushima_GSM3440655_6055432140_R06C01","kurushima",43.76,44.6625129787759,3.82127767635407,"pca_linear_all"
"kurushima_GSM3440663_6929793109_R04C01","kurushima",37.6,33.150654194448,3.53078174233252,"pca_linear_all"
"kurushima_GSM3440665_6929806070_R04C01","kurushima",49.4,54.3716634645798,4.01406797308867,"pca_linear_all"
"kurushima_GSM3440669_6929793004_R04C01","kurushima",73.8,74.458249701117,4.32357951921172,"pca_linear_all"
"kurushima_GSM3440670_6929793004_R05C01","kurushima",73.8,71.4550355382354,4.28296616998476,"pca_linear_all"
"kurushima_GSM3440671_6929793033_R04C01","kurushima",44,43.4489207823868,3.79434068230379,"pca_linear_all"
"kurushima_GSM3440674_6929793167_R02C01","kurushima",49.8,47.5436932953279,3.88246428507035,"pca_linear_all"
"kurushima_GSM3440678_6929793137_R06C01","kurushima",70.1,67.5618671163927,4.22773650723832,"pca_linear_all"
"kurushima_GSM3440685_6929793125_R06C01","kurushima",57.2,61.7911799758528,4.13981461736627,"pca_linear_all"
"kurushima_GSM3440692_6055432102_R01C01","kurushima",59.48,64.6673470004881,4.18460180042973,"pca_linear_all"
"kurushima_GSM3440696_6057825042_R01C02","kurushima",60.76,69.4983292361871,4.25558901075992,"pca_linear_all"
"kurushima_GSM3440724_6055432099_R03C02","kurushima",53.48,55.0379837851322,4.02602974268332,"pca_linear_all"
"kurushima_GSM3440725_6929793103_R02C02","kurushima",57.3,58.4089605737478,4.08444506640157,"pca_linear_all"
"kurushima_GSM3440729_6055432092_R02C02","kurushima",51.2,52.0098899560146,3.97047849908763,"pca_linear_all"
"kurushima_GSM3440731_6057825036_R01C01","kurushima",59.46,63.994607394012,4.17430430328496,"pca_linear_all"
"kurushima_GSM3440732_6929806070_R01C01","kurushima",69.2,67.3341811250096,4.22441009710079,"pca_linear_all"
"kurushima_GSM3440745_6929806011_R03C02","kurushima",72.9,84.9706024619685,4.45400540597811,"pca_linear_all"
"kurushima_GSM3440750_6042308041_R01C01","kurushima",52.1,51.7858746889958,3.96624363009144,"pca_linear_all"
"kurushima_GSM3440773_6929806010_R04C01","kurushima",65.1,68.0360398639364,4.23462868510593,"pca_linear_all"
"kurushima_GSM3440779_6055432092_R03C01","kurushima",51.73,49.9370214352549,3.93058999582085,"pca_linear_all"
"kurushima_GSM3440781_6055432099_R02C01","kurushima",43.72,43.6520095270254,3.79889931251414,"pca_linear_all"
"kurushima_GSM3440782_6929793109_R06C01","kurushima",67.2,65.4179531555147,4.19596739878473,"pca_linear_all"
"kurushima_GSM3440784_6057825006_R04C02","kurushima",45.85,46.206183292454,3.85452488597027,"pca_linear_all"
"kurushima_GSM3440789_6057825019_R03C01","kurushima",67.1,70.6769102584256,4.27216866308398,"pca_linear_all"
"mahdi_GSM7866966_207700460080_R08C01","mahdi",60.42,62.1588748168441,4.14565337442261,"pca_linear_all"
"mahdi_GSM7866969_207700470041_R01C01","mahdi",47.42,41.9348034263733,3.75968276571344,"pca_linear_all"
"mahdi_GSM7866970_207700470049_R03C01","mahdi",78.14,81.5385711622994,4.41326571332289,"pca_linear_all"
"mahdi_GSM7866972_207705770040_R06C01","mahdi",24.15,24.888997594437,3.25381807514742,"pca_linear_all"
"mahdi_GSM7866979_207705770089_R06C01","mahdi",54.62,58.3439336309714,4.08334990236853,"pca_linear_all"
"mahdi_GSM7866987_207700470010_R04C01","mahdi",19.77,20.3441616574276,3.0607782436095,"pca_linear_all"
"mahdi_GSM7866991_207700460090_R05C01","mahdi",73.75,82.4109676970272,4.42377980787699,"pca_linear_all"
"mahdi_GSM7867002_207686140117_R01C01","mahdi",49.34,42.2689952394229,3.76743633324666,"pca_linear_all"
"mahdi_GSM7867008_207700470024_R03C01","mahdi",26.96,26.5036563102583,3.31431895257123,"pca_linear_all"
"mahdi_GSM7867011_207686140102_R03C01","mahdi",55.38,62.44246960323,4.15013350474088,"pca_linear_all"
"mahdi_GSM7867012_207700460010_R01C01","mahdi",30.4,30.5528707143399,3.45166457420895,"pca_linear_all"
"mahdi_GSM7867013_207705770049_R06C01","mahdi",19.6,17.6514050745052,2.92592148236754,"pca_linear_all"
"mahdi_GSM7867024_207805820117_R08C01","mahdi",23.31,23.4216407797371,3.19546965642284,"pca_linear_all"
"mahdi_GSM7867025_207686140125_R07C01","mahdi",54.84,56.8957029688931,4.0586431671253,"pca_linear_all"
"mahdi_GSM7867031_207686150009_R05C01","mahdi",74.85,78.7084868762268,4.37837606539962,"pca_linear_all"
"mahdi_GSM7867044_207686140165_R01C01","mahdi",32.36,32.332960781882,3.50654672071398,"pca_linear_all"
"mahdi_GSM7867049_207705770129_R02C01","mahdi",43.87,46.3382552858489,3.85731874843939,"pca_linear_all"
"mahdi_GSM7867054_207700460084_R06C01","mahdi",52.91,52.737390850033,3.98410905065091,"pca_linear_all"
"mahdi_GSM7867055_207700460010_R04C01","mahdi",67.47,67.814091416272,4.23140854106412,"pca_linear_all"
"mahdi_GSM7867059_207686150009_R06C01","mahdi",60.8,65.339819154318,4.19479030747235,"pca_linear_all"
"mahdi_GSM7867071_207700460090_R06C01","mahdi",63.62,60.6803785773274,4.12196586700095,"pca_linear_all"
"mahdi_GSM7867074_207705770091_R08C01","mahdi",24.93,23.6539416826785,3.20493679369611,"pca_linear_all"
"mahdi_GSM7867077_207686140044_R03C01","mahdi",34.03,30.1422233433733,3.43856456216711,"pca_linear_all"
"mahdi_GSM7867080_207700460103_R04C01","mahdi",64.22,65.0644076504603,4.19063013966327,"pca_linear_all"
"mahdi_GSM7867082_207700460044_R06C01","mahdi",66.99,52.2602758388037,3.9751907594712,"pca_linear_all"
"mahdi_GSM7867088_207700460034_R01C01","mahdi",75.4,76.3846461641661,4.34878839094574,"pca_linear_all"
"mahdi_GSM7867090_207805820140_R07C01","mahdi",19.81,15.7196104738891,2.81658231036897,"pca_linear_all"
"mahdi_GSM7867101_207700460136_R03C01","mahdi",54.79,48.4257231333505,3.90047099987227,"pca_linear_all"
"mahdi_GSM7867103_207700460134_R02C01","mahdi",27.56,28.270216070742,3.37657048266295,"pca_linear_all"
"mahdi_GSM7867115_207686150081_R01C01","mahdi",71.15,74.2407996810954,4.32069363278006,"pca_linear_all"
"mahdi_GSM7867119_207700470022_R03C01","mahdi",69.42,72.7861677885289,4.30117128569982,"pca_linear_all"
"mahdi_GSM7867126_207805820171_R07C01","mahdi",67.49,81.7701531335593,4.41606752700504,"pca_linear_all"
"mahdi_GSM7867132_207700460101_R03C01","mahdi",67.64,73.6881952236238,4.31332205051596,"pca_linear_all"
"mahdi_GSM7867134_207686150081_R03C01","mahdi",50.12,48.9806924351457,3.91163677955545,"pca_linear_all"
"mahdi_GSM7867144_207705770040_R05C01","mahdi",65.51,70.5907895036808,4.27096642747525,"pca_linear_all"
"mahdi_GSM7867146_207700470036_R01C01","mahdi",42.22,38.0475133172213,3.66477919480151,"pca_linear_all"
"mahdi_GSM7867149_207805820127_R06C01","mahdi",40.14,43.2346407261039,3.78950820896507,"pca_linear_all"
"mahdi_GSM7867152_207700470029_R02C01","mahdi",82.67,89.7232718529343,4.50781390472741,"pca_linear_all"
"mahdi_GSM7867157_207700470049_R04C01","mahdi",70.01,61.703378905808,4.13841533623164,"pca_linear_all"
"mahdi_GSM7867159_207686150104_R04C01","mahdi",49.88,56.4922343965428,4.05164988470953,"pca_linear_all"
"mahdi_GSM7867160_207805820161_R06C01","mahdi",59.96,58.0375371220203,4.07817346400917,"pca_linear_all"
"mahdi_GSM7867169_207700460028_R02C01","mahdi",27.83,28.7900660471591,3.39417498381434,"pca_linear_all"
"mahdi_GSM7867170_207805820117_R02C01","mahdi",57.58,55.0603082308595,4.02642804395306,"pca_linear_all"
"mahdi_GSM7867171_207700470004_R04C01","mahdi",49.39,52.2155784489217,3.9743511814691,"pca_linear_all"
"mahdi_GSM7867173_207686150008_R06C01","mahdi",67.14,58.5508415686922,4.08683042783734,"pca_linear_all"
"mahdi_GSM7867175_207705770050_R04C01","mahdi",45.98,53.4232035117683,3.99679059806444,"pca_linear_all"
"mahdi_GSM7867178_207700460134_R05C01","mahdi",31.91,33.2282887064256,3.5330524573229,"pca_linear_all"
"mahdi_GSM7867182_207705770099_R03C01","mahdi",34.86,34.5449736528285,3.57079875814692,"pca_linear_all"
"mahdi_GSM7867185_207700470042_R06C01","mahdi",77.46,80.2174857429495,4.39713056564688,"pca_linear_all"
"mahdi_GSM7867186_207705770040_R07C01","mahdi",73.47,63.3432188167713,4.16423154879655,"pca_linear_all"
"mahdi_GSM7867188_207805820146_R06C01","mahdi",26.79,28.1226204378448,3.3715152068432,"pca_linear_all"
"mahdi_GSM7867197_207700470029_R04C01","mahdi",69.47,74.9797658163839,4.33046706558026,"pca_linear_all"
"mahdi_GSM7867200_207700460020_R06C01","mahdi",53.48,47.6660999407008,3.88498268791833,"pca_linear_all"
"mahdi_GSM7867201_207805820161_R03C01","mahdi",42.83,38.6777519728539,3.68079062690185,"pca_linear_all"
"mahdi_GSM7867216_207700460142_R07C01","mahdi",40,36.7841332165611,3.63188925832763,"pca_linear_all"
"mahdi_GSM7867222_207700460069_R04C01","mahdi",57.82,66.4731792506979,4.21173017448216,"pca_linear_all"
"mahdi_GSM7867224_207700460068_R04C01","mahdi",69.88,69.0731197223459,4.24953926433047,"pca_linear_all"
"mahdi_GSM7867240_207805820127_R07C01","mahdi",65.3,67.9074991257807,4.2327650128194,"pca_linear_all"
"mahdi_GSM7867244_207700460080_R07C01","mahdi",73.23,82.6163548058502,4.42623913260621,"pca_linear_all"
"mahdi_GSM7867245_207700460044_R03C01","mahdi",33.2,35.4661340419528,3.59638399541656,"pca_linear_all"
"mahdi_GSM7867255_207686140044_R08C01","mahdi",86.23,86.7350441774975,4.47432141109631,"pca_linear_all"
"mahdi_GSM7867263_207700470049_R05C01","mahdi",41.27,39.72679654474,3.70688626756643,"pca_linear_all"
"mahdi_GSM7867267_207686150008_R05C01","mahdi",79.55,82.0944930493025,4.41997843070406,"pca_linear_all"
"mahdi_GSM7867273_207700470047_R03C01","mahdi",30.04,27.8908461866835,3.36352480400017,"pca_linear_all"
"mahdi_GSM7867291_207705770129_R08C01","mahdi",30.84,26.4093823061584,3.31088537471449,"pca_linear_all"
"mahdi_GSM7867292_207686140125_R04C01","mahdi",40.15,38.231343553923,3.66947600775948,"pca_linear_all"
"mahdi_GSM7867296_207700460090_R08C01","mahdi",46.35,46.1441350990428,3.85320961319931,"pca_linear_all"
"mahdi_GSM7867297_207686150104_R08C01","mahdi",49.81,54.3012693328276,4.01279586184221,"pca_linear_all"
"mahdi_GSM7867298_207700460019_R08C01","mahdi",58.55,61.7756631319945,4.13956746861979,"pca_linear_all"
"mahdi_GSM7867305_207686140044_R02C01","mahdi",55.84,46.7319929055336,3.86560188387616,"pca_linear_all"
"mahdi_GSM7867313_207700460068_R07C01","mahdi",26.6,28.7248812738513,3.39198444841752,"pca_linear_all"
"mahdi_GSM7867317_207705770135_R08C01","mahdi",37.82,40.4461095308399,3.72439401784789,"pca_linear_all"
"mahdi_GSM7867319_207686140115_R04C01","mahdi",57.79,57.3468976823528,4.06640618992158,"pca_linear_all"
"mahdi_GSM7867322_207700460134_R04C01","mahdi",54.81,54.8732234161069,4.02308525674335,"pca_linear_all"
"mahdi_GSM7867331_207700460115_R01C01","mahdi",46.94,42.3567901565523,3.76946332663641,"pca_linear_all"
"mahdi_GSM7867339_207700470047_R05C01","mahdi",24.3,22.6416419714662,3.16300964746367,"pca_linear_all"
"mahdi_GSM7867346_207700460103_R02C01","mahdi",44.32,45.8259254792778,3.84643701277504,"pca_linear_all"
"mahdi_GSM7867349_207705770049_R01C01","mahdi",29.14,28.231013085871,3.37523023763547,"pca_linear_all"
"mahdi_GSM7867358_207700460066_R06C01","mahdi",74.6,85.1632001988833,4.45624317467094,"pca_linear_all"
"mahdi_GSM7867363_207700460142_R04C01","mahdi",76.83,102.454390381441,4.63913084293762,"pca_linear_all"
"mahdi_GSM7867366_207686150081_R05C01","mahdi",75.78,76.2243799984847,4.34671521026461,"pca_linear_all"
"mahdi_GSM7867370_207700460035_R02C01","mahdi",58.91,59.3874696034462,4.10078162652202,"pca_linear_all"
"mahdi_GSM7867384_207700460135_R04C01","mahdi",74.3,71.4772407094808,4.2832725913285,"pca_linear_all"
"mahdi_GSM7867400_207700470022_R04C01","mahdi",77.47,83.4299127913361,4.43592175577002,"pca_linear_all"
"mahdi_GSM7867412_207700460063_R08C01","mahdi",51.93,51.3140391976399,3.95726477094974,"pca_linear_all"
"mahdi_GSM7867413_207686140076_R04C01","mahdi",78.64,80.8996408071072,4.4054946050998,"pca_linear_all"
"mahdi_GSM7867414_207686140076_R01C01","mahdi",19.65,20.9275609619772,3.08774433700039,"pca_linear_all"
"mahdi_GSM7867417_207700470049_R02C01","mahdi",61.01,61.355352962658,4.13284952189166,"pca_linear_all"
"mahdi_GSM7867420_207686140115_R01C01","mahdi",71.14,64.2983725564802,4.17896711340643,"pca_linear_all"
"mahdi_GSM7867424_207700460136_R07C01","mahdi",44.48,44.5675427393517,3.81919568105148,"pca_linear_all"
"mahdi_GSM7867439_207700460080_R03C01","mahdi",28.39,26.0583019558416,3.29799386969616,"pca_linear_all"
"mahdi_GSM7867446_207700460028_R04C01","mahdi",72.99,76.9413770820793,4.35595696824408,"pca_linear_all"
"mahdi_GSM7867451_207700470047_R06C01","mahdi",60.04,50.7667860952873,3.94674874854029,"pca_linear_all"
"mahdi_GSM7867457_207686140044_R05C01","mahdi",45.27,43.8645114445222,3.80364709123397,"pca_linear_all"
"mahdi_GSM7867461_207700460101_R06C01","mahdi",47.79,56.333296426911,4.04888154442847,"pca_linear_all"
"quinn_GSM7026368_203845450033_R01C01","quinn",1.016438356,0.883184374432022,0.632964160140271,"pca_linear_all"
"quinn_GSM7026369_203845450033_R02C01","quinn",3,3.69006602547975,1.54544666028655,"pca_linear_all"
"quinn_GSM7026373_203845450033_R08C01","quinn",0,0.752366463361525,0.560967139226846,"pca_linear_all"
"quinn_GSM7026377_203845450024_R06C01","quinn",0,0,-0.0269231552977258,"pca_linear_all"
"quinn_GSM7026381_203845450037_R03C01","quinn",2.01369863,1.84198878961587,1.04450408512662,"pca_linear_all"
"quinn_GSM7026383_203845450037_R06C01","quinn",0.491803279,0.436252252147986,0.362037118254785,"pca_linear_all"
"quinn_GSM7026393_203841950132_R07C01","quinn",0,0,-0.0307802132396983,"pca_linear_all"
"quinn_GSM7026402_203841950147_R04C01","quinn",2.847278988,3.05879257745199,1.4008855346668,"pca_linear_all"
"quinn_GSM7026403_203841950147_R05C01","quinn",2.057534247,2.02703507362782,1.10758361689939,"pca_linear_all"
"quinn_GSM7026412_203841950117_R07C01","quinn",0,0,-0.129230628022189,"pca_linear_all"
"quinn_GSM7026421_203845450043_R04C01","quinn",0,0,-0.0582465976290639,"pca_linear_all"
"quinn_GSM7026444_203968030074_R06C01","quinn",0,0.105081421443368,0.0999190168192761,"pca_linear_all"
"quinn_GSM7026453_203968030067_R01C01","quinn",0.844479377,1.2265938790711,0.800473009306222,"pca_linear_all"
"quinn_GSM7026454_203968030067_R02C01","quinn",0,0,-0.0328421849693153,"pca_linear_all"
"quinn_GSM7026456_203968030067_R04C01","quinn",0,0,-0.0927050442310645,"pca_linear_all"
"quinn_GSM7026466_203845450078_R02C01","quinn",0.501369863,0.364983708636977,0.311142493501214,"pca_linear_all"
"quinn_GSM7026472_203968030103_R05C01","quinn",1.065753425,1.28310043108426,0.825534357418573,"pca_linear_all"
"quinn_GSM7026473_203845450083_R01C01","quinn",2.035616438,2.37787990718719,1.21724826629929,"pca_linear_all"
"quinn_GSM7026475_203845450083_R04C01","quinn",2.874601392,2.53648016216194,1.26313192802305,"pca_linear_all"
"quinn_GSM7026480_203960330106_R03C01","quinn",2.035616438,2.2291774083593,1.17222743246548,"pca_linear_all"
"quinn_GSM7026481_203960330106_R04C01","quinn",1.224657534,1.34651198876103,0.852929965449185,"pca_linear_all"
"quinn_GSM7026487_203960330138_R06C01","quinn",0,0,-0.0279804157564157,"pca_linear_all"
"quinn_GSM7026495_203960330108_R01C01","quinn",3.035616438,3.85101992223526,1.57918897608525,"pca_linear_all"
"quinn_GSM7026498_203960330108_R07C01","quinn",0,0.00436944086102014,0.00435992257063351,"pca_linear_all"
"quinn_GSM7026500_203841950174_R02C01","quinn",0,0,-0.02067657605494,"pca_linear_all"
"quinn_GSM7026502_203841950174_R04C01","quinn",1.980821918,2.44421890736176,1.23669714649724,"pca_linear_all"
"quinn_GSM7026508_203841950080_R04C01","quinn",2.005479452,2.34706790931426,1.20808471163025,"pca_linear_all"
"quinn_GSM7026510_203841950080_R07C01","quinn",0.501369863,0.489966999474358,0.39875397170831,"pca_linear_all"
"quinn_GSM7026512_203841950149_R01C01","quinn",2,2.16340535519897,1.1516490914076,"pca_linear_all"
"quinn_GSM7026515_203841950149_R05C01","quinn",0,0.261974710348857,0.232677724575012,"pca_linear_all"
"quinn_GSM7026524_203998250028_R01C01","quinn",2.008219178,3.20888265445079,1.43719720972547,"pca_linear_all"
"quinn_GSM7026525_203998250028_R07C01","quinn",0,0.0396658925383433,0.0388994043644707,"pca_linear_all"
"xu_GSM5310261_3999979017_R05C01","xu",45.6,48.5777684036091,3.90354251558215,"pca_linear_all"
"xu_GSM5310280_3999979115_R06C02","xu",72.9,68.2002972865375,4.23700515866263,"pca_linear_all"
"xu_GSM5310281_3999979116_R06C01","xu",71.9,70.1642508357867,4.26499059732303,"pca_linear_all"
"xu_GSM5310286_3999979130_R06C02","xu",61.4,56.5799154465131,4.05317381673059,"pca_linear_all"
"xu_GSM5310292_3999984009_R04C02","xu",70.2,70.3728019844004,4.26791687218711,"pca_linear_all"
"xu_GSM5310298_3999984043_R03C02","xu",70.3,68.8385852515681,4.24618665433259,"pca_linear_all"
"xu_GSM5310299_3999984046_R06C01","xu",48.6,53.6866780173174,4.00162013346439,"pca_linear_all"
"xu_GSM5310300_3999984047_R03C01","xu",67.9,71.637947934256,4.28548748409026,"pca_linear_all"
"xu_GSM5310310_3999984092_R06C01","xu",66.1,71.0214476117955,4.27696395815474,"pca_linear_all"
"xu_GSM5310311_3999984136_R06C02","xu",50.6,50.3994378224366,3.93962723509463,"pca_linear_all"
"xu_GSM5310313_3999997002_R02C01","xu",70.8,72.1585102151288,4.29262845993546,"pca_linear_all"
"xu_GSM5310319_3999997024_R06C02","xu",46.6,44.4421585766162,3.81644027717142,"pca_linear_all"
"xu_GSM5310325_3999997057_R05C01","xu",68.8,66.3800439245206,4.21034888987075,"pca_linear_all"
"xu_GSM5310329_3999997067_R04C02","xu",49.2,49.9805232711001,3.93144366313813,"pca_linear_all"
"xu_GSM5310345_9993943007_R03C01","xu",61.3,62.8491039680938,4.15652254899079,"pca_linear_all"
"xu_GSM5310352_9993943067_R04C02","xu",41.4,42.4015542572339,3.77049525284377,"pca_linear_all"
"xu_GSM5310361_9994014021_R02C01","xu",52.2,50.1287088762556,3.93434615698852,"pca_linear_all"
"xu_GSM5310363_9994014030_R06C02","xu",62.2,59.7930466458455,4.10747541805448,"pca_linear_all"
"xu_GSM5310373_9994014111_R05C02","xu",46.6,44.1466883236034,3.80991692885844,"pca_linear_all"
"xu_GSM5310375_9994014114_R02C01","xu",73.4,76.1457258292686,4.3456961764873,"pca_linear_all"
"xu_GSM5310378_9994014117_R06C01","xu",50.1,52.0405312931422,3.97105636266647,"pca_linear_all"
"xu_GSM5310380_9994014120_R05C01","xu",66.1,69.8605622934696,4.26071403467919,"pca_linear_all"
"xu_GSM5310385_9994014134_R06C01","xu",69.7,73.9305901289072,4.31656222008132,"pca_linear_all"
"xu_GSM5310391_9994014147_R04C01","xu",57.1,52.6718282927664,3.98288825105973,"pca_linear_all"
"xu_GSM5310398_9994014162_R06C01","xu",72.4,80.6244660765937,4.40212904640024,"pca_linear_all"
"xu_GSM5310406_9994014184_R02C02","xu",51.9,59.3706849152555,4.1005036380356,"pca_linear_all"
"xu_GSM5310407_9994014185_R01C01","xu",64.2,62.9541252215434,4.15816603292706,"pca_linear_all"
"xu_GSM5310414_9994014204_R06C01","xu",49.3,50.9700496365292,3.95066758411955,"pca_linear_all"
"xu_GSM5310421_9996247008_R06C01","xu",67.7,67.1108123965562,4.22113597289544,"pca_linear_all"
"xu_GSM5310426_9996247015_R02C02","xu",70.9,72.3771963065602,4.29561321032803,"pca_linear_all"
"xu_GSM5310429_9996247020_R05C01","xu",75.1,65.6858412506261,4.19999265528497,"pca_linear_all"
"xu_GSM5310430_9996247021_R02C01","xu",59.3,61.5402878718137,4.1358109550222,"pca_linear_all"
"xu_GSM5310434_9996247033_R06C01","xu",42.4,45.5053251703039,3.8395668258279,"pca_linear_all"
"xu_GSM5310436_9996247036_R03C02","xu",67.5,64.9340968685003,4.18865571086549,"pca_linear_all"
"xu_GSM5310440_9996247042_R01C01","xu",64.5,62.1701662198525,4.14583213621714,"pca_linear_all"
"xu_GSM5310444_9996247057_R06C01","xu",47.7,48.9062431362285,3.91014610788197,"pca_linear_all"
"xu_GSM5310460_9996247090_R02C01","xu",73.4,73.1719909669114,4.30638659867943,"pca_linear_all"
"xu_GSM5310463_9996247095_R01C02","xu",36.6,36.6429335881655,3.6281452497292,"pca_linear_all"
"xu_GSM5310465_9996247097_R02C01","xu",45.4,43.4974126500371,3.79543104478605,"pca_linear_all"
"xu_GSM5310468_9996247102_R02C01","xu",46.5,45.750519784166,3.84482537405077,"pca_linear_all"
"xu_GSM5310470_9996247107_R02C01","xu",49.3,48.7659337933935,3.90733068958093,"pca_linear_all"
"xu_GSM5310478_9996247134_R06C01","xu",60.8,62.6820014133496,4.15390197027198,"pca_linear_all"
"xu_GSM5310480_9996247139_R01C02","xu",39.1,37.0911308040526,3.63998146773828,"pca_linear_all"
"xu_GSM5310484_9996247145_R05C01","xu",47.7,46.7832277581125,3.86667469420182,"pca_linear_all"
"xu_GSM5310492_9996247163_R03C02","xu",64,65.1444123329036,4.191840417347,"pca_linear_all"
"xu_GSM5310497_9996247174_R01C01","xu",38.2,32.9800882770009,3.52577471415097,"pca_linear_all"
"xu_GSM5310512_9996247198_R05C02","xu",70.8,73.5513102460067,4.31148761645545,"pca_linear_all"
"xu_GSM5310513_9996247199_R04C01","xu",41.3,39.3804700562501,3.69834625363542,"pca_linear_all"
"fraga_205837540003_R04C01","fraga",79,58.9466191889011,4.09345448603681,"knn_pca_all"
"fraga_205837540006_R06C01","fraga",36,27.2811804939126,3.34219658322337,"knn_pca_all"
"fraga_205837540012_R03C01","fraga",54,67.8267022725839,4.23159178406947,"knn_pca_all"
"fraga_205837540012_R05C01","fraga",59,58.6760316681336,4.08893046018829,"knn_pca_all"
"fraga_205837540014_R01C01","fraga",26,40.9682299424908,3.73691290210519,"knn_pca_all"
"fraga_205837540025_R05C01","fraga",70,58.7993296047558,4.09099445027093,"knn_pca_all"
"fraga_205837540027_R03C01","fraga",45,37.9598534935117,3.66253171833379,"knn_pca_all"
"fraga_205837540064_R01C01","fraga",40,45.7489252138353,3.84479126539203,"knn_pca_all"
"fraga_205837540064_R07C01","fraga",27,30.1068115751463,3.43742681691232,"knn_pca_all"
"fraga_205837540066_R01C01","fraga",37,27.2594924635551,3.34142941756061,"knn_pca_all"
"fraga_205837540066_R02C01","fraga",34,35.9792920403957,3.61035808138404,"knn_pca_all"
"fraga_205837540066_R04C01","fraga",80,70.0973339375882,4.26404983874452,"knn_pca_all"
"johansson_GSM2333901_9370847096_R05C02","johansson",72,70.5913059156335,4.27097364083459,"knn_pca_all"
"johansson_GSM2333903_7766148053_R06C02","johansson",23,18.7707147929536,2.98420179196412,"knn_pca_all"
"johansson_GSM2333909_9379082138_R01C01","johansson",33,49.1329793496459,3.91467906197787,"knn_pca_all"
"johansson_GSM2333922_7766148025_R06C02","johansson",68,76.5192321330262,4.35052606212873,"knn_pca_all"
"johansson_GSM2333927_9370847011_R02C01","johansson",74,58.7623936289568,4.0903765940545,"knn_pca_all"
"johansson_GSM2333932_7766148030_R01C02","johansson",45,48.2979211819923,3.89788191346574,"knn_pca_all"
"johansson_GSM2333944_7512551037_R01C01","johansson",62,59.8933008881621,4.10912316682879,"knn_pca_all"
"johansson_GSM2333945_9370847125_R01C01","johansson",57,51.4562901492629,3.95998025423439,"knn_pca_all"
"johansson_GSM2333946_9370847125_R05C02","johansson",50,45.1482300858871,3.83185860887837,"knn_pca_all"
"johansson_GSM2333956_7766148026_R05C01","johansson",28,35.3348389429298,3.5927770314987,"knn_pca_all"
"johansson_GSM2333959_7766148077_R01C02","johansson",25,21.5061711467713,3.1137895447942,"knn_pca_all"
"johansson_GSM2333961_7766148003_R06C02","johansson",22,22.8743432473783,3.17280437802523,"knn_pca_all"
"johansson_GSM2333965_7766148116_R02C01","johansson",21,19.0623056984382,2.99884271603029,"knn_pca_all"
"johansson_GSM2333967_9370847096_R03C02","johansson",62,69.8417091210496,4.26044793912062,"knn_pca_all"
"johansson_GSM2333975_7766148114_R06C01","johansson",23,18.5865102235002,2.97484107537797,"knn_pca_all"
"johansson_GSM2333982_7766148112_R05C01","johansson",19,18.2253859803922,2.95623159219366,"knn_pca_all"
"johansson_GSM2333987_9370847011_R04C02","johansson",18,17.8820018465321,2.93820918510357,"knn_pca_all"
"johansson_GSM2333992_7766148030_R02C02","johansson",35,40.2642069215502,3.7199954637045,"knn_pca_all"
"johansson_GSM2333998_9370847011_R05C01","johansson",32,24.1141447128778,3.22343122178947,"knn_pca_all"
"johansson_GSM2334003_7766148112_R04C01","johansson",46,45.9512093650179,3.84910896389586,"knn_pca_all"
"johansson_GSM2334006_7766148120_R03C01","johansson",70,65.9999257443298,4.20469151109677,"knn_pca_all"
"johansson_GSM2334008_9370847081_R04C01","johansson",41,45.1404027798437,3.83168898222297,"knn_pca_all"
"johansson_GSM2334031_7766148077_R05C02","johansson",48,48.9802588734511,3.91162810493423,"knn_pca_all"
"johansson_GSM2334034_7766148116_R03C02","johansson",31,37.2950257931594,3.6453200128999,"knn_pca_all"
"johansson_GSM2334051_9370847091_R06C02","johansson",64,59.3600572135453,4.10032758177106,"knn_pca_all"
"johansson_GSM2334052_7766148077_R01C01","johansson",43,46.9791576178747,3.87076670031442,"knn_pca_all"
"johansson_GSM2334053_7766148130_R02C01","johansson",39,40.5534705355205,3.72698104454062,"knn_pca_all"
"johansson_GSM2334054_9370847092_R04C02","johansson",74,64.5953199120029,4.18350435060019,"knn_pca_all"
"johansson_GSM2334055_7766148130_R03C01","johansson",44,35.5407064463454,3.59842688426996,"knn_pca_all"
"johansson_GSM2334056_7766148057_R05C02","johansson",47,53.1477435543505,3.991716302299,"knn_pca_all"
"johansson_GSM2334058_7766148057_R06C02","johansson",19,18.6445536511897,2.97780013201877,"knn_pca_all"
"johansson_GSM2334059_7766148130_R05C01","johansson",15,15.9803694975511,2.83205794139739,"knn_pca_all"
"johansson_GSM2334063_9370847081_R02C02","johansson",80,78.4884019840976,4.37561112402526,"knn_pca_all"
"johansson_GSM2334082_7766148041_R06C02","johansson",30,28.0122817578004,3.36771924922157,"knn_pca_all"
"johansson_GSM2334086_9370847015_R04C01","johansson",59,57.8569742554274,4.07511033569786,"knn_pca_all"
"johansson_GSM2334090_9370847015_R05C01","johansson",83,77.944467729681,4.36874466515815,"knn_pca_all"
"johansson_GSM2334093_7766148058_R06C02","johansson",83,73.9685201220791,4.31706829371869,"knn_pca_all"
"johansson_GSM2334094_9370847015_R06C01","johansson",22,25.9105406837815,3.29251805683654,"knn_pca_all"
"johansson_GSM2334117_7766148120_R01C01","johansson",25,26.2163684638135,3.30381857406177,"knn_pca_all"
"johansson_GSM2334119_9370847081_R03C01","johansson",50,46.8038873375479,3.86710696124401,"knn_pca_all"
"johansson_GSM2334126_9370847125_R03C02","johansson",35,37.6898477065188,3.65557723245548,"knn_pca_all"
"johansson_GSM2334142_9370847063_R02C02","johansson",71,70.369494771799,4.26787053395833,"knn_pca_all"
"johansson_GSM2334156_7766148026_R04C02","johansson",17,15.6406705844152,2.81184973412524,"knn_pca_all"
"johansson_GSM2334158_7766148026_R05C02","johansson",22,25.4383281656862,3.27481478173189,"knn_pca_all"
"johansson_GSM2334160_7766148026_R06C02","johansson",24,49.2663123694403,3.9173351185276,"knn_pca_all"
"johansson_GSM2334165_7766148084_R04C02","johansson",45,34.1271565229914,3.55897452144163,"knn_pca_all"
"johansson_GSM2334168_9376538120_R04C01","johansson",45,59.3241713208928,4.09973287450655,"knn_pca_all"
"johansson_GSM2334177_9370847096_R04C01","johansson",50,61.4227097923138,4.13392914814504,"knn_pca_all"
"johansson_GSM2334179_9376561035_R03C02","johansson",62,59.3600572135453,4.10032758177106,"knn_pca_all"
"johansson_GSM2334186_7512551050_R05C02","johansson",34,38.4516847708086,3.67507675286436,"knn_pca_all"
"johansson_GSM2334187_7512551050_R03C02","johansson",47,51.2551561954416,3.9561385691424,"knn_pca_all"
"johansson_GSM2334195_7512560144_R04C02","johansson",29,28.1941002654985,3.37396664315815,"knn_pca_all"
"johansson_GSM2334201_9379082151_R03C01","johansson",33,27.4254747288574,3.3472857406003,"knn_pca_all"
"johansson_GSM2334207_9379082102_R06C02","johansson",21,22.5470612675334,3.15900102573463,"knn_pca_all"
"johansson_GSM2334211_7512560144_R04C01","johansson",44,41.857650787631,3.75788417724205,"knn_pca_all"
"johansson_GSM2334221_9370847131_R02C02","johansson",51,42.9033692064283,3.78199106443525,"knn_pca_all"
"johansson_GSM2334231_9379082101_R05C02","johansson",77,74.257779646964,4.32091928229804,"knn_pca_all"
"johansson_GSM2334233_9379082101_R06C02","johansson",64,64.6501228074697,4.18433947138635,"knn_pca_all"
"johansson_GSM2334237_7766148055_R05C01","johansson",26,23.5431697586479,3.20043359796049,"knn_pca_all"
"johansson_GSM2334240_7512560102_R02C02","johansson",37,43.6491230823949,3.79883466731766,"knn_pca_all"
"johansson_GSM2334241_9379082134_R06C02","johansson",36,36.5723049413874,3.62626720828658,"knn_pca_all"
"johansson_GSM2334246_9376537113_R02C02","johansson",51,50.503660153977,3.94165287609528,"knn_pca_all"
"johansson_GSM2334253_7512551050_R06C01","johansson",45,43.9774372487228,3.80616096955725,"knn_pca_all"
"johansson_GSM2334262_9379082102_R06C01","johansson",15,17.8820018465321,2.93820918510357,"knn_pca_all"
"johansson_GSM2334266_7766148001_R06C02","johansson",81,78.1432534025459,4.37125954457081,"knn_pca_all"
"johansson_GSM2334277_9379082102_R05C01","johansson",50,66.2330194871265,4.20816448826619,"knn_pca_all"
"johansson_GSM2334280_9379082102_R04C01","johansson",73,73.56878472264,4.31172198428786,"knn_pca_all"
"johansson_GSM2334284_7766148001_R05C01","johansson",65,60.867911645907,4.12500165506837,"knn_pca_all"
"johansson_GSM2334287_9379082108_R01C01","johansson",57,56.0826747338486,4.04450065089845,"knn_pca_all"
"johansson_GSM2334288_9379082151_R05C02","johansson",62,73.4477359666074,4.31009734854818,"knn_pca_all"
"johansson_GSM2334290_9376561035_R04C01","johansson",70,67.6217487784561,4.22860952207287,"knn_pca_all"
"johansson_GSM2334291_7512560137_R06C02","johansson",21,17.5914633042234,2.92270251322527,"knn_pca_all"
"johansson_GSM2334300_9379082152_R05C02","johansson",36,42.7325372483816,3.77809238451419,"knn_pca_all"
"johansson_GSM2334321_7766148002_R05C01","johansson",19,16.3270029480303,2.85226614866953,"knn_pca_all"
"johansson_GSM2334324_7512560137_R06C01","johansson",36,41.7528639372665,3.75543618582346,"knn_pca_all"
"johansson_GSM2334329_9376561035_R03C01","johansson",33,23.1220633221017,3.18312691223437,"knn_pca_all"
"johansson_GSM2334334_9379082134_R01C01","johansson",82,69.8189528669352,4.2601266607362,"knn_pca_all"
"johansson_GSM2334339_9379082134_R01C02","johansson",34,46.1094476655124,3.8524735682856,"knn_pca_all"
"johansson_GSM2334340_9376561035_R05C02","johansson",46,47.3102016409821,3.87764275245498,"knn_pca_all"
"johansson_GSM2334358_7512560092_R03C02","johansson",19,18.2936827741388,2.95977772492867,"knn_pca_all"
"johansson_GSM2334362_7512560092_R04C02","johansson",15,18.4376708076649,2.96721297743344,"knn_pca_all"
"johansson_GSM2334365_9376538150_R01C01","johansson",54,52.5815857142958,3.98120545894348,"knn_pca_all"
"johansson_GSM2334368_9370847124_R06C02","johansson",25,22.6619267988029,3.16386729220835,"knn_pca_all"
"johansson_GSM2334372_7512560092_R03C01","johansson",21,28.2245742962513,3.37500994082779,"knn_pca_all"
"johansson_GSM2334374_9379082133_R06C01","johansson",48,50.0000000000002,3.93182563272433,"knn_pca_all"
"johansson_GSM2334379_7512560092_R04C01","johansson",47,46.6367251827984,3.8636040012091,"knn_pca_all"
"johansson_GSM2334386_7512560092_R05C01","johansson",41,45.2182445760792,3.83337462437767,"knn_pca_all"
"johansson_GSM2334389_9370847124_R01C02","johansson",77,70.3270634331578,4.26727582669383,"knn_pca_all"
"johansson_GSM2334390_9379082133_R05C02","johansson",44,46.4214398549385,3.85907444405099,"knn_pca_all"
"johansson_GSM2334402_7766148053_R02C01","johansson",60,66.2515972773749,4.20844076953632,"knn_pca_all"
"johansson_GSM2334411_7512560102_R03C01","johansson",47,41.968969861134,3.76047822405606,"knn_pca_all"
"johansson_GSM2334417_9379082133_R03C01","johansson",51,57.1845095227575,4.0636191599079,"knn_pca_all"
"johansson_GSM2334420_7512560102_R06C02","johansson",42,41.7528639372665,3.75543618582346,"knn_pca_all"
"johansson_GSM2334423_7512560102_R04C02","johansson",33,41.2987020524375,3.74475640124192,"knn_pca_all"
"johansson_GSM2334425_9376537113_R04C02","johansson",49,62.0355053075305,4.14369814395205,"knn_pca_all"
"johansson_GSM2334428_9370847131_R05C01","johansson",17,17.2915485475417,2.90643912516879,"knn_pca_all"
"johansson_GSM2334433_7512560134_R04C01","johansson",40,38.5414295859073,3.67734897252407,"knn_pca_all"
"johansson_GSM2334434_9376538150_R06C01","johansson",39,38.9007958333987,3.68639626939612,"knn_pca_all"
"johansson_GSM2334437_9376538150_R03C01","johansson",39,36.5439484740559,3.6255122060763,"knn_pca_all"
"johansson_GSM2334439_9376561035_R01C01","johansson",56,51.1318154782663,3.95377542415224,"knn_pca_all"
"johansson_GSM2334441_7766148041_R02C02","johansson",46,44.6200588881865,3.82034750769685,"knn_pca_all"
"johansson_GSM2334457_7766148116_R06C02","johansson",71,70.5846065135793,4.27088005802522,"knn_pca_all"
"johansson_GSM2334459_7766148122_R05C01","johansson",42,44.9414819847144,3.82736845587678,"knn_pca_all"
"johansson_GSM2334469_7766148122_R05C02","johansson",40,58.8015666826677,4.09103185932022,"knn_pca_all"
"johansson_GSM2334472_7766148113_R06C01","johansson",39,37.2506514477456,3.64416059144112,"knn_pca_all"
"johansson_GSM2334475_7766148113_R02C01","johansson",16,16.9463422636261,2.88738632055548,"knn_pca_all"
"johansson_GSM2334482_7766148061_R05C01","johansson",54,61.1550058350028,4.12963135912193,"knn_pca_all"
"johansson_GSM2334486_7766148061_R01C02","johansson",35,38.2294170414961,3.66942690009311,"knn_pca_all"
"johansson_GSM2334500_7766148131_R01C02","johansson",18,17.8820018465321,2.93820918510357,"knn_pca_all"
"johansson_GSM2334506_7766148131_R04C02","johansson",66,68.7576654259686,4.24502731324326,"knn_pca_all"
"johansson_GSM2334511_7766148098_R05C01","johansson",58,45.6572316526589,3.8428279346287,"knn_pca_all"
"johansson_GSM2334515_9376561048_R04C01","johansson",74,66.5433649100379,4.21276983471192,"knn_pca_all"
"johansson_GSM2334520_9376561048_R01C01","johansson",81,73.888723872185,4.31600333008652,"knn_pca_all"
"johansson_GSM2334525_7766148012_R05C01","johansson",58,56.2296063337087,4.04707135772723,"knn_pca_all"
"johansson_GSM2334527_9376561056_R06C01","johansson",33,29.262875014767,3.40992171424909,"knn_pca_all"
"johansson_GSM2334528_7766148012_R02C01","johansson",30,34.1617007680158,3.55995744388871,"knn_pca_all"
"johansson_GSM2334531_7766148012_R06C01","johansson",22,21.9854981046043,3.13486349987847,"knn_pca_all"
"johansson_GSM2334532_7766148012_R03C01","johansson",15,16.6217362298206,2.86913315310079,"knn_pca_all"
"johansson_GSM2334536_9376561015_R01C01","johansson",63,65.0584117109707,4.1905393765457,"knn_pca_all"
"johansson_GSM2334540_9376561015_R02C01","johansson",79,76.2214907908416,4.34667779641044,"knn_pca_all"
"johansson_GSM2334546_9376561015_R05C01","johansson",80,75.2200455663489,4.33362449327221,"knn_pca_all"
"johansson_GSM2334551_9376561048_R05C02","johansson",45,42.1782755424931,3.76533748780222,"knn_pca_all"
"johansson_GSM2334552_9376561048_R03C02","johansson",45,44.3046002082427,3.81340857718398,"knn_pca_all"
"johansson_GSM2334553_9376561048_R06C02","johansson",26,21.3551184669644,3.10705530902169,"knn_pca_all"
"johansson_GSM2334558_7766148016_R05C01","johansson",33,37.0534796396245,3.63899252926247,"knn_pca_all"
"johansson_GSM2334566_7766148016_R02C01","johansson",53,50.8833677893537,3.94899827232504,"knn_pca_all"
"johansson_GSM2334586_7766148061_R06C02","johansson",70,74.842239692443,4.32865538932035,"knn_pca_all"
"johansson_GSM2334600_7766148084_R03C01","johansson",72,71.9588809526219,4.28989600782803,"knn_pca_all"
"johansson_GSM2334606_7766148103_R02C01","johansson",64,66.5018380843777,4.2121548283874,"knn_pca_all"
"johansson_GSM2334612_7512551003_R03C02","johansson",77,75.8347498992497,4.34165701046523,"knn_pca_all"
"johansson_GSM2334614_7512551003_R02C02","johansson",73,68.8281498814883,4.24603722189845,"knn_pca_all"
"johansson_GSM2334621_7512551037_R04C02","johansson",62,57.7770962982421,4.07375226028507,"knn_pca_all"
"johansson_GSM2334623_7512551003_R05C01","johansson",56,44.7169129814448,3.82246831655614,"knn_pca_all"
"johansson_GSM2334626_7766148103_R06C01","johansson",16,15.9803694975511,2.83205794139739,"knn_pca_all"
"johansson_GSM2334627_7512551037_R04C01","johansson",53,40.6639856052674,3.72963710109035,"knn_pca_all"
"johansson_GSM2334633_7766148084_R01C01","johansson",52,45.8862497443512,3.84772445004265,"knn_pca_all"
"kalyakulina_GSM7468916_204367460032_R04C01","kalyakulina",76.57,66.115666414933,4.20641749533876,"knn_pca_all"
"kalyakulina_GSM7468918_204367490018_R08C01","kalyakulina",54.11,72.0364932043085,4.2909592231449,"knn_pca_all"
"kalyakulina_GSM7468956_204390590123_R03C01","kalyakulina",64.49,60.6085311833638,4.1208003541866,"knn_pca_all"
"kalyakulina_GSM7468980_204367490058_R04C01","kalyakulina",79.71,81.6960227931832,4.41517150889233,"knn_pca_all"
"kalyakulina_GSM7468984_204367490018_R06C01","kalyakulina",84.99,85.7618940531527,4.46316751666958,"knn_pca_all"
"kalyakulina_GSM7468988_204373100094_R02C01","kalyakulina",46.06,49.0361471946423,3.91274568812294,"knn_pca_all"
"kalyakulina_GSM7468991_204367490072_R02C01","kalyakulina",29.24,31.7434062905957,3.48870160717242,"knn_pca_all"
"kalyakulina_GSM7468993_204367460065_R06C01","kalyakulina",36.32,30.8379871398183,3.46066014100731,"knn_pca_all"
"kalyakulina_GSM7468995_204367490072_R08C01","kalyakulina",84.77,82.152763981386,4.4206794459931,"knn_pca_all"
"kalyakulina_GSM7468999_205724790012_R01C01","kalyakulina",93.32,90.9329113286215,4.52105908634649,"knn_pca_all"
"kalyakulina_GSM7469001_205724790012_R03C01","kalyakulina",84.27,86.4618486540266,4.47120268289867,"knn_pca_all"
"kalyakulina_GSM7469003_205724790012_R05C01","kalyakulina",86.3,89.9911376886493,4.51076211373751,"knn_pca_all"
"kalyakulina_GSM7469005_205724790012_R07C01","kalyakulina",51.88,60.1602737568773,4.11349785712797,"knn_pca_all"
"kalyakulina_GSM7469012_205724790027_R06C01","kalyakulina",43.41,44.7023056197189,3.82214874782489,"knn_pca_all"
"kalyakulina_GSM7469016_205724790046_R02C01","kalyakulina",32.78,29.4911088945506,3.41743512946151,"knn_pca_all"
"kalyakulina_GSM7469017_205724790046_R03C01","kalyakulina",41.18,40.1907775949397,3.71821438651548,"knn_pca_all"
"kalyakulina_GSM7469034_205724780160_R04C01","kalyakulina",97.77,90.2551265518954,4.51365917227512,"knn_pca_all"
"kalyakulina_GSM7469040_205724780161_R02C01","kalyakulina",76.06,90.0349303062793,4.51124328238502,"knn_pca_all"
"kalyakulina_GSM7469041_205724780161_R03C01","kalyakulina",76.16,83.8498110025539,4.44088276424763,"knn_pca_all"
"kalyakulina_GSM7469052_205724780167_R06C01","kalyakulina",22.22,29.4911088945506,3.41743512946151,"knn_pca_all"
"kalyakulina_GSM7469053_205724780167_R07C01","kalyakulina",94.19,92.4100368514724,4.53699880039782,"knn_pca_all"
"kalyakulina_GSM7469058_205724780168_R04C01","kalyakulina",93.94,91.0165738231157,4.52196871107519,"knn_pca_all"
"kalyakulina_GSM7469062_205724780168_R08C01","kalyakulina",61.47,63.6861260066722,4.16954674275754,"knn_pca_all"
"kalyakulina_GSM7469067_206112280005_R05C01","kalyakulina",37.08,38.1730481862824,3.66798896405978,"knn_pca_all"
"kalyakulina_GSM7469072_206112280009_R02C01","kalyakulina",96.61,81.8552026682782,4.41709453813849,"knn_pca_all"
"kalyakulina_GSM7469083_205809370026_R05C01","kalyakulina",91.6,85.3077349093862,4.4579192222235,"knn_pca_all"
"kalyakulina_GSM7469094_205809370064_R08C01","kalyakulina",60.68,60.1602737568773,4.11349785712797,"knn_pca_all"
"kalyakulina_GSM7469102_205809370073_R08C01","kalyakulina",68.22,68.3837328266042,4.23965244272624,"knn_pca_all"
"kalyakulina_GSM7469105_205809370080_R03C01","kalyakulina",90.15,89.1364926482093,4.50132510645678,"knn_pca_all"
"kalyakulina_GSM7469118_205809370081_R08C01","kalyakulina",80.54,90.7154605641334,4.51869096444191,"knn_pca_all"
"kalyakulina_GSM7469130_205809370094_R04C01","kalyakulina",94.9,91.3021749634898,4.52506770529932,"knn_pca_all"
"kalyakulina_GSM7469131_205809370094_R05C01","kalyakulina",85.76,76.4306157378365,4.34938225455398,"knn_pca_all"
"kalyakulina_GSM7469140_206103240102_R06C01","kalyakulina",88.74,88.0678414926051,4.48939834331837,"knn_pca_all"
"kalyakulina_GSM7469148_205809370103_R06C01","kalyakulina",90.09,95.1056986149565,4.56544861302102,"knn_pca_all"
"kalyakulina_GSM7469155_206103240107_R05C01","kalyakulina",99.18,89.6113339830506,4.50657930437536,"knn_pca_all"
"kalyakulina_GSM7469163_206644410075_R05C01","kalyakulina",15.2657534246575,24.43249480231,3.23602767931378,"knn_pca_all"
"kurushima_GSM3440330_6042316073_R03C01","kurushima",63.99,62.4586914006834,4.15038916508967,"knn_pca_all"
"kurushima_GSM3440331_6042316073_R05C01","kurushima",63.99,55.7664711321924,4.03894585446481,"knn_pca_all"
"kurushima_GSM3440341_6057825006_R06C02","kurushima",56.02,56.420349116564,4.05039875472605,"knn_pca_all"
"kurushima_GSM3440348_6929793055_R05C02","kurushima",39.5,48.8343707314032,3.90870492129853,"knn_pca_all"
"kurushima_GSM3440353_6929793141_R04C02","kurushima",58.6,60.4518743071166,4.1182543368832,"knn_pca_all"
"kurushima_GSM3440360_6929806011_R06C02","kurushima",44,54.8688593765235,4.02300714759277,"knn_pca_all"
"kurushima_GSM3440363_6929793026_R04C01","kurushima",69.6,65.0606533034793,4.19057330946081,"knn_pca_all"
"kurushima_GSM3440367_6929806039_R03C02","kurushima",62.2,54.7419676470219,4.02073332187966,"knn_pca_all"
"kurushima_GSM3440369_6055432120_R02C02","kurushima",73.06,61.6080620829893,4.13689405708188,"knn_pca_all"
"kurushima_GSM3440372_6929806070_R05C01","kurushima",67.6,62.3465348165153,4.14862020624214,"knn_pca_all"
"kurushima_GSM3440377_6929806008_R02C02","kurushima",63.7,59.121354386403,4.09636509268164,"knn_pca_all"
"kurushima_GSM3440384_6929793026_R03C01","kurushima",60.3,58.1476616374243,4.08003705688597,"knn_pca_all"
"kurushima_GSM3440396_6929806054_R05C02","kurushima",59.5,57.7360404074816,4.0730535147051,"knn_pca_all"
"kurushima_GSM3440397_6929793033_R06C01","kurushima",43.6,48.6939599448758,3.90588339543299,"knn_pca_all"
"kurushima_GSM3440400_6057825005_R05C02","kurushima",64.11,70.3735006750623,4.26792666145168,"knn_pca_all"
"kurushima_GSM3440402_6929793109_R03C01","kurushima",47.3,57.0877462177002,4.06195473314023,"knn_pca_all"
"kurushima_GSM3440409_6929793057_R03C01","kurushima",51.6,57.7553268554639,4.07338181879424,"knn_pca_all"
"kurushima_GSM3440410_6929793004_R06C02","kurushima",59.2,54.8988702018087,4.02354416889793,"knn_pca_all"
"kurushima_GSM3440417_6042308041_R02C01","kurushima",60.9,48.797551565618,3.90796581747292,"knn_pca_all"
"kurushima_GSM3440418_6929806054_R02C02","kurushima",53.1,53.1012004840422,3.99085637569944,"knn_pca_all"
"kurushima_GSM3440419_6929806054_R03C02","kurushima",53.1,45.0509542334006,3.82974848416742,"knn_pca_all"
"kurushima_GSM3440420_6929806010_R03C02","kurushima",67.9,66.2562085818239,4.20850933513995,"knn_pca_all"
"kurushima_GSM3440424_6929793167_R05C01","kurushima",71.9,59.8772448494527,4.10885945709988,"knn_pca_all"
"kurushima_GSM3440425_6929793167_R06C01","kurushima",71.9,58.1476616374243,4.08003705688597,"knn_pca_all"
"kurushima_GSM3440426_6929806039_R03C01","kurushima",64,63.4360442105027,4.16567316925043,"knn_pca_all"
"kurushima_GSM3440429_6042308005_R01C02","kurushima",32.11,39.4520976093638,3.70011849900457,"knn_pca_all"
"kurushima_GSM3440430_6042308005_R03C02","kurushima",32.11,43.7292953297144,3.80062866345781,"knn_pca_all"
"kurushima_GSM3440432_6929793109_R01C01","kurushima",62.2,65.8651359696522,4.20267769481783,"knn_pca_all"
"kurushima_GSM3440436_6057825033_R01C01","kurushima",50.3,54.3650848463936,4.01394915764043,"knn_pca_all"
"kurushima_GSM3440448_6055432139_R05C01","kurushima",59.29,59.7218449680486,4.10630351747505,"knn_pca_all"
"kurushima_GSM3440452_6057825042_R02C01","kurushima",65.69,64.4441742539475,4.18119747775935,"knn_pca_all"
"kurushima_GSM3440456_6929793118_R03C02","kurushima",40.2,43.9234253254492,3.80495938086888,"knn_pca_all"
"kurushima_GSM3440463_6929806023_R06C02","kurushima",49.4,55.1060609044573,4.02724384420563,"knn_pca_all"
"kurushima_GSM3440478_6042316021_R05C02","kurushima",63.64,60.0328339942288,4.11141198156265,"knn_pca_all"
"kurushima_GSM3440489_6929742055_R02C02","kurushima",41.9,37.6924330697561,3.65564405300438,"knn_pca_all"
"kurushima_GSM3440497_6042316098_R03C02","kurushima",62.7,63.7654379750259,4.17077209648581,"knn_pca_all"
"kurushima_GSM3440498_6057825025_R04C02","kurushima",65.52,52.2938421899529,3.97582079335221,"knn_pca_all"
"kurushima_GSM3440503_6929806023_R02C01","kurushima",58.8,61.7258457428714,4.13877357550748,"knn_pca_all"
"kurushima_GSM3440508_6929742023_R05C01","kurushima",51.1,52.5902975634467,3.98136803608412,"knn_pca_all"
"kurushima_GSM3440513_6057825006_R02C02","kurushima",76.56,70.9766207194685,4.27634135405602,"knn_pca_all"
"kurushima_GSM3440514_6042316073_R03C02","kurushima",69.44,62.7160986227197,4.15443725627977,"knn_pca_all"
"kurushima_GSM3440520_6929806014_R02C01","kurushima",59.6,62.532783699828,4.15155605141008,"knn_pca_all"
"kurushima_GSM3440523_6057825046_R06C01","kurushima",68.13,67.4294342557159,4.22580305744106,"knn_pca_all"
"kurushima_GSM3440533_6929806010_R02C02","kurushima",72,63.5108637030497,4.16683363912372,"knn_pca_all"
"kurushima_GSM3440538_6929793024_R04C01","kurushima",67.1,70.0462203772004,4.26333065646662,"knn_pca_all"
"kurushima_GSM3440545_6929742023_R03C02","kurushima",78.7,73.5672842288465,4.31170186180771,"knn_pca_all"
"kurushima_GSM3440547_6929793111_R02C01","kurushima",57.4,58.2616797640744,4.08196288740812,"knn_pca_all"
"kurushima_GSM3440548_6929793111_R03C01","kurushima",57.4,58.9182798586177,4.09298163149746,"knn_pca_all"
"kurushima_GSM3440552_6042308108_R04C01","kurushima",48.99,47.487210862765,3.88130006961894,"knn_pca_all"
"kurushima_GSM3440555_6055432139_R05C02","kurushima",68.42,58.7164663229043,4.08960780017191,"knn_pca_all"
"kurushima_GSM3440558_6929742080_R05C02","kurushima",42.6,46.8778724016075,3.86865344364581,"knn_pca_all"
"kurushima_GSM3440560_6055432102_R04C01","kurushima",70.42,67.4170149780936,4.22562155068329,"knn_pca_all"
"kurushima_GSM3440566_6057825036_R06C02","kurushima",71.21,62.3765496255065,4.14909391329693,"knn_pca_all"
"kurushima_GSM3440574_6929806013_R06C02","kurushima",72.5,62.6251344428696,4.15300858791945,"knn_pca_all"
"kurushima_GSM3440578_6057825036_R05C01","kurushima",64.18,52.5415070033556,3.98045718493843,"knn_pca_all"
"kurushima_GSM3440588_6929806011_R02C01","kurushima",43.7,48.4721584752211,3.90141005629143,"knn_pca_all"
"kurushima_GSM3440590_6929793026_R01C02","kurushima",54.7,57.606769244455,4.07085020602847,"knn_pca_all"
"kurushima_GSM3440593_6929793103_R04C01","kurushima",57.2,57.7553268554639,4.07338181879424,"knn_pca_all"
"kurushima_GSM3440604_6929793124_R06C02","kurushima",41.5,51.4276851691234,3.95943479472522,"knn_pca_all"
"kurushima_GSM3440606_6042308005_R04C02","kurushima",52.98,50.1387877680184,3.93454326539786,"knn_pca_all"
"kurushima_GSM3440624_6929806039_R06C01","kurushima",49.9,48.161473408515,3.89511025594346,"knn_pca_all"
"kurushima_GSM3440625_6929793126_R04C02","kurushima",64.7,60.9802870037851,4.12681638293593,"knn_pca_all"
"kurushima_GSM3440627_6929793125_R02C01","kurushima",62.1,53.8963478116311,4.00544682192434,"knn_pca_all"
"kurushima_GSM3440630_6055432140_R06C02","kurushima",56.94,55.4030290813159,4.03252286417737,"knn_pca_all"
"kurushima_GSM3440635_6929793126_R01C02","kurushima",61.7,57.9334329193505,4.07640855134199,"knn_pca_all"
"kurushima_GSM3440640_6055432155_R02C02","kurushima",49.4,60.5026241165547,4.11907984246406,"knn_pca_all"
"kurushima_GSM3440652_6929793026_R06C02","kurushima",48.9,57.8152767007409,4.0744016289961,"knn_pca_all"
"kurushima_GSM3440655_6055432140_R06C01","kurushima",43.76,49.92443577249,3.93034288247348,"knn_pca_all"
"kurushima_GSM3440663_6929793109_R04C01","kurushima",37.6,40.1279590249606,3.71668815847184,"knn_pca_all"
"kurushima_GSM3440665_6929806070_R04C01","kurushima",49.4,51.340394609775,3.95776843642732,"knn_pca_all"
"kurushima_GSM3440669_6929793004_R04C01","kurushima",73.8,69.3404068989646,4.25334641177412,"knn_pca_all"
"kurushima_GSM3440670_6929793004_R05C01","kurushima",73.8,70.6696093064913,4.27206679870719,"knn_pca_all"
"kurushima_GSM3440671_6929793033_R04C01","kurushima",44,56.3173252435408,4.04860293829026,"knn_pca_all"
"kurushima_GSM3440674_6929793167_R02C01","kurushima",49.8,43.2992786257665,3.79096839307576,"knn_pca_all"
"kurushima_GSM3440678_6929793137_R06C01","kurushima",70.1,65.7298803309894,4.20065283358241,"knn_pca_all"
"kurushima_GSM3440685_6929793125_R06C01","kurushima",57.2,60.1222050737552,4.11287522198489,"knn_pca_all"
"kurushima_GSM3440692_6055432102_R01C01","kurushima",59.48,55.4030290813159,4.03252286417737,"knn_pca_all"
"kurushima_GSM3440696_6057825042_R01C02","kurushima",60.76,60.8575907679232,4.12483481997284,"knn_pca_all"
"kurushima_GSM3440724_6055432099_R03C02","kurushima",53.48,56.7760474211724,4.05657428531108,"knn_pca_all"
"kurushima_GSM3440725_6929793103_R02C02","kurushima",57.3,52.7690756162306,3.98469849923306,"knn_pca_all"
"kurushima_GSM3440729_6055432092_R02C02","kurushima",51.2,52.880929327906,3.98677659949858,"knn_pca_all"
"kurushima_GSM3440731_6057825036_R01C01","kurushima",59.46,63.5093016194981,4.16680942455931,"knn_pca_all"
"kurushima_GSM3440732_6929806070_R01C01","kurushima",69.2,66.2486713667203,4.20839726165809,"knn_pca_all"
"kurushima_GSM3440745_6929806011_R03C02","kurushima",72.9,71.4973151601872,4.28354952890164,"knn_pca_all"
"kurushima_GSM3440750_6042308041_R01C01","kurushima",52.1,55.0770659824048,4.02672692292695,"knn_pca_all"
"kurushima_GSM3440773_6929806010_R04C01","kurushima",65.1,67.6372186807134,4.22883493397286,"knn_pca_all"
"kurushima_GSM3440779_6055432092_R03C01","kurushima",51.73,53.3262399862614,3.99500735121585,"knn_pca_all"
"kurushima_GSM3440781_6055432099_R02C01","kurushima",43.72,39.2837361280503,3.69594781747277,"knn_pca_all"
"kurushima_GSM3440782_6929793109_R06C01","kurushima",67.2,58.8646458095887,4.09208611066569,"knn_pca_all"
"kurushima_GSM3440784_6057825006_R04C02","kurushima",45.85,50.4642297150174,3.9408869977047,"knn_pca_all"
"kurushima_GSM3440789_6057825019_R03C01","kurushima",67.1,59.4628522814739,4.10202916457784,"knn_pca_all"
"mahdi_GSM7866966_207700460080_R08C01","mahdi",60.42,62.5167708940584,4.15130397959597,"knn_pca_all"
"mahdi_GSM7866969_207700470041_R01C01","mahdi",47.42,43.0761788823344,3.78591947511476,"knn_pca_all"
"mahdi_GSM7866970_207700470049_R03C01","mahdi",78.14,81.0967020991916,4.407897846336,"knn_pca_all"
"mahdi_GSM7866972_207705770040_R06C01","mahdi",24.15,22.0041427912422,3.1356743210676,"knn_pca_all"
"mahdi_GSM7866979_207705770089_R06C01","mahdi",54.62,49.8636299792789,3.92914812943451,"knn_pca_all"
"mahdi_GSM7866987_207700470010_R04C01","mahdi",19.77,26.9411922883647,3.33010202608816,"knn_pca_all"
"mahdi_GSM7866991_207700460090_R05C01","mahdi",73.75,71.7996873615461,4.28771166070916,"knn_pca_all"
"mahdi_GSM7867002_207686140117_R01C01","mahdi",49.34,55.9620400635158,4.04238508218419,"knn_pca_all"
"mahdi_GSM7867008_207700470024_R03C01","mahdi",26.96,26.0044159443841,3.29600040612662,"knn_pca_all"
"mahdi_GSM7867011_207686140102_R03C01","mahdi",55.38,59.0885505772964,4.09581931719116,"knn_pca_all"
"mahdi_GSM7867012_207700460010_R01C01","mahdi",30.4,25.2966985885198,3.26944340235068,"knn_pca_all"
"mahdi_GSM7867013_207705770049_R06C01","mahdi",19.6,20.0235913651264,3.04564520552305,"knn_pca_all"
"mahdi_GSM7867024_207805820117_R08C01","mahdi",23.31,25.4504942018837,3.27527484251099,"knn_pca_all"
"mahdi_GSM7867025_207686140125_R07C01","mahdi",54.84,54.6863601286102,4.01973523595056,"knn_pca_all"
"mahdi_GSM7867031_207686150009_R05C01","mahdi",74.85,75.4519369273071,4.33666226792472,"knn_pca_all"
"mahdi_GSM7867044_207686140165_R01C01","mahdi",32.36,35.3497035796631,3.59318604932903,"knn_pca_all"
"mahdi_GSM7867049_207705770129_R02C01","mahdi",43.87,34.1618809972305,3.55996256960074,"knn_pca_all"
"mahdi_GSM7867054_207700460084_R06C01","mahdi",52.91,49.073510355322,3.91349213283824,"knn_pca_all"
"mahdi_GSM7867055_207700460010_R04C01","mahdi",67.47,63.53688868296,4.16723697788448,"knn_pca_all"
"mahdi_GSM7867059_207686150009_R06C01","mahdi",60.8,58.5905812931779,4.08749752958927,"knn_pca_all"
"mahdi_GSM7867071_207700460090_R06C01","mahdi",63.62,67.1946419115669,4.22236599741655,"knn_pca_all"
"mahdi_GSM7867074_207705770091_R08C01","mahdi",24.93,22.2586988118279,3.14667920450374,"knn_pca_all"
"mahdi_GSM7867077_207686140044_R03C01","mahdi",34.03,30.5095940407511,3.45029207218099,"knn_pca_all"
"mahdi_GSM7867080_207700460103_R04C01","mahdi",64.22,64.5204436665739,4.18236221098974,"knn_pca_all"
"mahdi_GSM7867082_207700460044_R06C01","mahdi",66.99,69.3608604054359,4.25363714841079,"knn_pca_all"
"mahdi_GSM7867088_207700460034_R01C01","mahdi",75.4,66.0645585070886,4.2056557152725,"knn_pca_all"
"mahdi_GSM7867090_207805820140_R07C01","mahdi",19.81,21.7863010763516,3.12615952540515,"knn_pca_all"
"mahdi_GSM7867101_207700460136_R03C01","mahdi",54.79,47.1011998824705,3.87330712238209,"knn_pca_all"
"mahdi_GSM7867103_207700460134_R02C01","mahdi",27.56,30.5430318920075,3.45135270538687,"knn_pca_all"
"mahdi_GSM7867115_207686150081_R01C01","mahdi",71.15,66.2852420741534,4.20894092693027,"knn_pca_all"
"mahdi_GSM7867119_207700470022_R03C01","mahdi",69.42,79.5575160564466,4.38897141447475,"knn_pca_all"
"mahdi_GSM7867126_207805820171_R07C01","mahdi",67.49,75.4527093981932,4.33667237188042,"knn_pca_all"
"mahdi_GSM7867132_207700460101_R03C01","mahdi",67.64,71.9616766732935,4.28993432622151,"knn_pca_all"
"mahdi_GSM7867134_207686150081_R03C01","mahdi",50.12,63.744945080772,4.17045562928154,"knn_pca_all"
"mahdi_GSM7867144_207705770040_R05C01","mahdi",65.51,60.3758231250298,4.11701599743053,"knn_pca_all"
"mahdi_GSM7867146_207700470036_R01C01","mahdi",42.22,37.8623137564084,3.66002498300049,"knn_pca_all"
"mahdi_GSM7867149_207805820127_R06C01","mahdi",40.14,36.7852359500497,3.63191844299599,"knn_pca_all"
"mahdi_GSM7867152_207700470029_R02C01","mahdi",82.67,70.8925418119996,4.27517252933276,"knn_pca_all"
"mahdi_GSM7867157_207700470049_R04C01","mahdi",70.01,57.822418725148,4.07452305307518,"knn_pca_all"
"mahdi_GSM7867159_207686150104_R04C01","mahdi",49.88,62.4413136424452,4.15011528396034,"knn_pca_all"
"mahdi_GSM7867160_207805820161_R06C01","mahdi",59.96,63.2173071612133,4.16227275631559,"knn_pca_all"
"mahdi_GSM7867169_207700460028_R02C01","mahdi",27.83,32.8464438118457,3.52183393658224,"knn_pca_all"
"mahdi_GSM7867170_207805820117_R02C01","mahdi",57.58,48.2005545842702,3.89590489547275,"knn_pca_all"
"mahdi_GSM7867171_207700470004_R04C01","mahdi",49.39,52.0964576539681,3.97211021517457,"knn_pca_all"
"mahdi_GSM7867173_207686150008_R06C01","mahdi",67.14,60.3758231250298,4.11701599743053,"knn_pca_all"
"mahdi_GSM7867175_207705770050_R04C01","mahdi",45.98,51.9515053476644,3.96937650124981,"knn_pca_all"
"mahdi_GSM7867178_207700460134_R05C01","mahdi",31.91,34.5105391970842,3.56982953121269,"knn_pca_all"
"mahdi_GSM7867182_207705770099_R03C01","mahdi",34.86,33.1229518612968,3.52997023298735,"knn_pca_all"
"mahdi_GSM7867185_207700470042_R06C01","mahdi",77.46,78.6481575862221,4.37761890471655,"knn_pca_all"
"mahdi_GSM7867186_207705770040_R07C01","mahdi",73.47,53.5816057871181,3.99969693564474,"knn_pca_all"
"mahdi_GSM7867188_207805820146_R06C01","mahdi",26.79,25.9096712137905,3.29248574667051,"knn_pca_all"
"mahdi_GSM7867197_207700470029_R04C01","mahdi",69.47,70.1166829528022,4.26432194997176,"knn_pca_all"
"mahdi_GSM7867200_207700460020_R06C01","mahdi",53.48,58.5994773569846,4.08764680485474,"knn_pca_all"
"mahdi_GSM7867201_207805820161_R03C01","mahdi",42.83,47.0482941148816,3.87220663249433,"knn_pca_all"
"mahdi_GSM7867216_207700460142_R07C01","mahdi",40,39.0553049371903,3.69026112260004,"knn_pca_all"
"mahdi_GSM7867222_207700460069_R04C01","mahdi",57.82,58.5349588803299,4.08656368422229,"knn_pca_all"
"mahdi_GSM7867224_207700460068_R04C01","mahdi",69.88,67.2757770457488,4.22355504841179,"knn_pca_all"
"mahdi_GSM7867240_207805820127_R07C01","mahdi",65.3,75.1836512219525,4.33314688878025,"knn_pca_all"
"mahdi_GSM7867244_207700460080_R07C01","mahdi",73.23,81.4419984832363,4.41209499739797,"knn_pca_all"
"mahdi_GSM7867245_207700460044_R03C01","mahdi",33.2,38.1769002892375,3.66808729476792,"knn_pca_all"
"mahdi_GSM7867255_207686140044_R08C01","mahdi",86.23,71.9006712160251,4.28909784632511,"knn_pca_all"
"mahdi_GSM7867263_207700470049_R05C01","mahdi",41.27,64.0358155642526,4.1749381268269,"knn_pca_all"
"mahdi_GSM7867267_207686150008_R05C01","mahdi",79.55,75.1644219830758,4.33289445055016,"knn_pca_all"
"mahdi_GSM7867273_207700470047_R03C01","mahdi",30.04,27.991407172748,3.36699948169166,"knn_pca_all"
"mahdi_GSM7867291_207705770129_R08C01","mahdi",30.84,31.806341803071,3.49062184435545,"knn_pca_all"
"mahdi_GSM7867292_207686140125_R04C01","mahdi",40.15,34.4687318139467,3.5686515143811,"knn_pca_all"
"mahdi_GSM7867296_207700460090_R08C01","mahdi",46.35,44.846371715217,3.82529606177007,"knn_pca_all"
"mahdi_GSM7867297_207686150104_R08C01","mahdi",49.81,53.8357891771804,4.00434306796017,"knn_pca_all"
"mahdi_GSM7867298_207700460019_R08C01","mahdi",58.55,56.8644154350131,4.05810260902855,"knn_pca_all"
"mahdi_GSM7867305_207686140044_R02C01","mahdi",55.84,62.607692732714,4.15273441794851,"knn_pca_all"
"mahdi_GSM7867313_207700460068_R07C01","mahdi",26.6,29.6461931830564,3.42250845183175,"knn_pca_all"
"mahdi_GSM7867317_207705770135_R08C01","mahdi",37.82,35.0318103155926,3.58440216817146,"knn_pca_all"
"mahdi_GSM7867319_207686140115_R04C01","mahdi",57.79,55.9620400635158,4.04238508218419,"knn_pca_all"
"mahdi_GSM7867322_207700460134_R04C01","mahdi",54.81,73.4620002934916,4.31028893208443,"knn_pca_all"
"mahdi_GSM7867331_207700460115_R01C01","mahdi",46.94,47.4556541543342,3.88064903233962,"knn_pca_all"
"mahdi_GSM7867339_207700470047_R05C01","mahdi",24.3,20.4135547514782,3.06402412111673,"knn_pca_all"
"mahdi_GSM7867346_207700460103_R02C01","mahdi",44.32,52.1548182831117,3.97320875511205,"knn_pca_all"
"mahdi_GSM7867349_207705770049_R01C01","mahdi",29.14,26.5049107351483,3.31436456091762,"knn_pca_all"
"mahdi_GSM7867358_207700460066_R06C01","mahdi",74.6,77.2176551148142,4.35949539080098,"knn_pca_all"
"mahdi_GSM7867363_207700460142_R04C01","mahdi",76.83,72.9838232659961,4.30384646479315,"knn_pca_all"
"mahdi_GSM7867366_207686150081_R05C01","mahdi",75.78,81.3816469330557,4.41136268071215,"knn_pca_all"
"mahdi_GSM7867370_207700460035_R02C01","mahdi",58.91,61.9050718492958,4.1416267939898,"knn_pca_all"
"mahdi_GSM7867384_207700460135_R04C01","mahdi",74.3,79.8227748164081,4.39225879234984,"knn_pca_all"
"mahdi_GSM7867400_207700470022_R04C01","mahdi",77.47,77.0325882016505,4.35712653689359,"knn_pca_all"
"mahdi_GSM7867412_207700460063_R08C01","mahdi",51.93,46.9382819638873,3.86991439114854,"knn_pca_all"
"mahdi_GSM7867413_207686140076_R04C01","mahdi",78.64,73.77475991899,4.31448039379859,"knn_pca_all"
"mahdi_GSM7867414_207686140076_R01C01","mahdi",19.65,22.9887955512443,3.17758686930712,"knn_pca_all"
"mahdi_GSM7867417_207700470049_R02C01","mahdi",61.01,56.0503194718546,4.04393367614963,"knn_pca_all"
"mahdi_GSM7867420_207686140115_R01C01","mahdi",71.14,77.0352361742639,4.35716047050706,"knn_pca_all"
"mahdi_GSM7867424_207700460136_R07C01","mahdi",44.48,39.46221528227,3.70036858264484,"knn_pca_all"
"mahdi_GSM7867439_207700460080_R03C01","mahdi",28.39,32.3171780272697,3.50607312065285,"knn_pca_all"
"mahdi_GSM7867446_207700460028_R04C01","mahdi",72.99,73.3195668258834,4.30837426598864,"knn_pca_all"
"mahdi_GSM7867451_207700470047_R06C01","mahdi",60.04,56.4616522318124,4.05111780760715,"knn_pca_all"
"mahdi_GSM7867457_207686140044_R05C01","mahdi",45.27,46.6658561345758,3.86421533727749,"knn_pca_all"
"mahdi_GSM7867461_207700460101_R06C01","mahdi",47.79,74.4582770320637,4.32357988141124,"knn_pca_all"
"quinn_GSM7026368_203845450033_R01C01","quinn",1.016438356,0.818742343306492,0.598145242062958,"knn_pca_all"
"quinn_GSM7026369_203845450033_R02C01","quinn",3,3.00091303357656,1.38652259346705,"knn_pca_all"
"quinn_GSM7026373_203845450033_R08C01","quinn",0,0,0,"knn_pca_all"
"quinn_GSM7026377_203845450024_R06C01","quinn",0,0,0,"knn_pca_all"
"quinn_GSM7026381_203845450037_R03C01","quinn",2.01369863,2.08006896026834,1.12495198643235,"knn_pca_all"
"quinn_GSM7026383_203845450037_R06C01","quinn",0.491803279,0.645591787549752,0.498100068793448,"knn_pca_all"
"quinn_GSM7026393_203841950132_R07C01","quinn",0,0,0,"knn_pca_all"
"quinn_GSM7026402_203841950147_R04C01","quinn",2.847278988,2.30655216268813,1.19590600380979,"knn_pca_all"
"quinn_GSM7026403_203841950147_R05C01","quinn",2.057534247,1.62669493888147,0.965726378677308,"knn_pca_all"
"quinn_GSM7026412_203841950117_R07C01","quinn",0,0,0,"knn_pca_all"
"quinn_GSM7026421_203845450043_R04C01","quinn",0,0,0,"knn_pca_all"
"quinn_GSM7026444_203968030074_R06C01","quinn",0,0,0,"knn_pca_all"
"quinn_GSM7026453_203968030067_R01C01","quinn",0.844479377,1.00363637172663,0.694963715524133,"knn_pca_all"
"quinn_GSM7026454_203968030067_R02C01","quinn",0,0,0,"knn_pca_all"
"quinn_GSM7026456_203968030067_R04C01","quinn",0,0,0,"knn_pca_all"
"quinn_GSM7026466_203845450078_R02C01","quinn",0.501369863,0.491429647547873,0.399735154934849,"knn_pca_all"
"quinn_GSM7026472_203968030103_R05C01","quinn",1.065753425,1.00129323559754,0.693793589391501,"knn_pca_all"
"quinn_GSM7026473_203845450083_R01C01","quinn",2.035616438,2.01960925012342,1.10512743563916,"knn_pca_all"
"quinn_GSM7026475_203845450083_R04C01","quinn",2.874601392,2.30192724889463,1.1945063128187,"knn_pca_all"
"quinn_GSM7026480_203960330106_R03C01","quinn",2.035616438,2.3084547148084,1.19648122684673,"knn_pca_all"
"quinn_GSM7026481_203960330106_R04C01","quinn",1.224657534,1.57540561363874,0.946007041570456,"knn_pca_all"
"quinn_GSM7026487_203960330138_R06C01","quinn",0,0,0,"knn_pca_all"
"quinn_GSM7026495_203960330108_R01C01","quinn",3.035616438,3.01818206820796,1.39082957850898,"knn_pca_all"
"quinn_GSM7026498_203960330108_R07C01","quinn",0,0,0,"knn_pca_all"
"quinn_GSM7026500_203841950174_R02C01","quinn",0,0,0,"knn_pca_all"
"quinn_GSM7026502_203841950174_R04C01","quinn",1.980821918,2.30895386326941,1.19663208604064,"knn_pca_all"
"quinn_GSM7026508_203841950080_R04C01","quinn",2.005479452,2.04131938014136,1.11229142788994,"knn_pca_all"
"quinn_GSM7026510_203841950080_R07C01","quinn",0.501369863,0.652429861197535,0.502246847786975,"knn_pca_all"
"quinn_GSM7026512_203841950149_R01C01","quinn",2,2.32186923511709,1.20052764711625,"knn_pca_all"
"quinn_GSM7026515_203841950149_R05C01","quinn",0,0,0,"knn_pca_all"
"quinn_GSM7026524_203998250028_R01C01","quinn",2.008219178,3.06735268911495,1.40299234288852,"knn_pca_all"
"quinn_GSM7026525_203998250028_R07C01","quinn",0,0,0,"knn_pca_all"
"xu_GSM5310261_3999979017_R05C01","xu",45.6,52.2170663394791,3.97437914075848,"knn_pca_all"
"xu_GSM5310280_3999979115_R06C02","xu",72.9,68.8042095500922,4.2456943166904,"knn_pca_all"
"xu_GSM5310281_3999979116_R06C01","xu",71.9,71.9963609119809,4.290409589385,"knn_pca_all"
"xu_GSM5310286_3999979130_R06C02","xu",61.4,59.285571987629,4.09909280458313,"knn_pca_all"
"xu_GSM5310292_3999984009_R04C02","xu",70.2,61.8906080138066,4.14139683640193,"knn_pca_all"
"xu_GSM5310298_3999984043_R03C02","xu",70.3,70.0273834728851,4.26306548540155,"knn_pca_all"
"xu_GSM5310299_3999984046_R06C01","xu",48.6,61.9433294026876,4.142234788278,"knn_pca_all"
"xu_GSM5310300_3999984047_R03C01","xu",67.9,66.2588486764946,4.20854858865885,"knn_pca_all"
"xu_GSM5310310_3999984092_R06C01","xu",66.1,66.1410675933397,4.20679589242844,"knn_pca_all"
"xu_GSM5310311_3999984136_R06C02","xu",50.6,57.4416541510057,4.06802889159837,"knn_pca_all"
"xu_GSM5310313_3999997002_R02C01","xu",70.8,68.2462391576695,4.23766883540021,"knn_pca_all"
"xu_GSM5310319_3999997024_R06C02","xu",46.6,49.1201372429988,3.9144228683122,"knn_pca_all"
"xu_GSM5310325_3999997057_R05C01","xu",68.8,61.7363628084737,4.13894122863185,"knn_pca_all"
"xu_GSM5310329_3999997067_R04C02","xu",49.2,50.8762094845499,3.94886029364388,"knn_pca_all"
"xu_GSM5310345_9993943007_R03C01","xu",61.3,67.3864444256534,4.22517462407657,"knn_pca_all"
"xu_GSM5310352_9993943067_R04C02","xu",41.4,41.7990624885627,3.75651619787501,"knn_pca_all"
"xu_GSM5310361_9994014021_R02C01","xu",52.2,51.7120162904619,3.96484344265802,"knn_pca_all"
"xu_GSM5310363_9994014030_R06C02","xu",62.2,63.9708062983666,4.17393803513353,"knn_pca_all"
"xu_GSM5310373_9994014111_R05C02","xu",46.6,49.1201372429988,3.9144228683122,"knn_pca_all"
"xu_GSM5310375_9994014114_R02C01","xu",73.4,68.4435447198394,4.24051411628194,"knn_pca_all"
"xu_GSM5310378_9994014117_R06C01","xu",50.1,58.2647540627982,4.08201476273458,"knn_pca_all"
"xu_GSM5310380_9994014120_R05C01","xu",66.1,58.9078234639534,4.09280710533996,"knn_pca_all"
"xu_GSM5310385_9994014134_R06C01","xu",69.7,66.8657373864332,4.21753130318023,"knn_pca_all"
"xu_GSM5310391_9994014147_R04C01","xu",57.1,61.8081654291277,4.14008508777874,"knn_pca_all"
"xu_GSM5310398_9994014162_R06C01","xu",72.4,62.3086499995892,4.14802197067664,"knn_pca_all"
"xu_GSM5310406_9994014184_R02C02","xu",51.9,56.4490841021349,4.0508990616461,"knn_pca_all"
"xu_GSM5310407_9994014185_R01C01","xu",64.2,63.1701203141014,4.16153768668822,"knn_pca_all"
"xu_GSM5310414_9994014204_R06C01","xu",49.3,48.0991875348628,3.8938424875121,"knn_pca_all"
"xu_GSM5310421_9996247008_R06C01","xu",67.7,64.2825882047642,4.17872535761445,"knn_pca_all"
"xu_GSM5310426_9996247015_R02C02","xu",70.9,68.5106278452458,4.24147965951651,"knn_pca_all"
"xu_GSM5310429_9996247020_R05C01","xu",75.1,65.0456142435393,4.1903456282117,"knn_pca_all"
"xu_GSM5310430_9996247021_R02C01","xu",59.3,55.4048886663316,4.03255583322871,"knn_pca_all"
"xu_GSM5310434_9996247033_R06C01","xu",42.4,52.3148478992093,3.97621486459557,"knn_pca_all"
"xu_GSM5310436_9996247036_R03C02","xu",67.5,64.5145203322935,4.18227180253533,"knn_pca_all"
"xu_GSM5310440_9996247042_R01C01","xu",64.5,59.9506207031054,4.11006403968355,"knn_pca_all"
"xu_GSM5310444_9996247057_R06C01","xu",47.7,49.155751657979,3.91513319692396,"knn_pca_all"
"xu_GSM5310460_9996247090_R02C01","xu",73.4,70.1626703277861,4.26496838777915,"knn_pca_all"
"xu_GSM5310463_9996247095_R01C02","xu",36.6,45.2341120981711,3.83371788273946,"knn_pca_all"
"xu_GSM5310465_9996247097_R02C01","xu",45.4,49.7765541671227,3.92743471590244,"knn_pca_all"
"xu_GSM5310468_9996247102_R02C01","xu",46.5,46.2004572396575,3.85440357982547,"knn_pca_all"
"xu_GSM5310470_9996247107_R02C01","xu",49.3,51.5379211438725,3.9615352163614,"knn_pca_all"
"xu_GSM5310478_9996247134_R06C01","xu",60.8,63.5039189975012,4.16672598160712,"knn_pca_all"
"xu_GSM5310480_9996247139_R01C02","xu",39.1,45.0788791562824,3.83035469222641,"knn_pca_all"
"xu_GSM5310484_9996247145_R05C01","xu",47.7,51.7120162904619,3.96484344265802,"knn_pca_all"
"xu_GSM5310492_9996247163_R03C02","xu",64,59.285571987629,4.09909280458313,"knn_pca_all"
"xu_GSM5310497_9996247174_R01C01","xu",38.2,43.2428036857279,3.78969272965736,"knn_pca_all"
"xu_GSM5310512_9996247198_R05C02","xu",70.8,68.890427211865,4.24692869010256,"knn_pca_all"
"xu_GSM5310513_9996247199_R04C01","xu",41.3,42.6111828832382,3.77531360561519,"knn_pca_all"
"fraga_205837540003_R04C01","fraga",79,61.5209017291896,4.13550092850092,"random_forest_all"
"fraga_205837540006_R06C01","fraga",36,34.006216074408,3.55552564784597,"random_forest_all"
"fraga_205837540012_R03C01","fraga",54,65.1261820025956,4.19156476529425,"random_forest_all"
"fraga_205837540012_R05C01","fraga",59,60.1829119688372,4.11386793433471,"random_forest_all"
"fraga_205837540014_R01C01","fraga",26,33.070659532545,3.5284365896465,"random_forest_all"
"fraga_205837540025_R05C01","fraga",70,70.8415994302561,4.2744636875303,"random_forest_all"
"fraga_205837540027_R03C01","fraga",45,50.795753364685,3.94730816452804,"random_forest_all"
"fraga_205837540064_R01C01","fraga",40,46.1223858449547,3.8527481714434,"random_forest_all"
"fraga_205837540064_R07C01","fraga",27,32.5533911615559,3.51313793615038,"random_forest_all"
"fraga_205837540066_R01C01","fraga",37,37.010700589667,3.63786771455103,"random_forest_all"
"fraga_205837540066_R02C01","fraga",34,39.0764615345716,3.69078916781368,"random_forest_all"
"fraga_205837540066_R04C01","fraga",80,80.1731940105483,4.39658506964223,"random_forest_all"
"johansson_GSM2333901_9370847096_R05C02","johansson",72,70.5219203532725,4.27000398108187,"random_forest_all"
"johansson_GSM2333903_7766148053_R06C02","johansson",23,21.7601519080202,3.12501128357769,"random_forest_all"
"johansson_GSM2333909_9379082138_R01C01","johansson",33,38.9180100502933,3.68682760176124,"random_forest_all"
"johansson_GSM2333922_7766148025_R06C02","johansson",68,72.0844614848548,4.29161577897389,"random_forest_all"
"johansson_GSM2333927_9370847011_R02C01","johansson",74,68.1291027115327,4.23597581014681,"random_forest_all"
"johansson_GSM2333932_7766148030_R01C02","johansson",45,48.0653731133333,3.8931535540998,"random_forest_all"
"johansson_GSM2333944_7512551037_R01C01","johansson",62,63.6816862640509,4.16947810524184,"random_forest_all"
"johansson_GSM2333945_9370847125_R01C01","johansson",57,54.1362508722604,4.00980741039793,"random_forest_all"
"johansson_GSM2333946_9370847125_R05C02","johansson",50,51.598556549348,3.96268867733952,"random_forest_all"
"johansson_GSM2333956_7766148026_R05C01","johansson",28,34.5046196208397,3.56966281817967,"random_forest_all"
"johansson_GSM2333959_7766148077_R01C02","johansson",25,22.8497284048176,3.17177282963083,"random_forest_all"
"johansson_GSM2333961_7766148003_R06C02","johansson",22,25.7139786119976,3.28518697192562,"random_forest_all"
"johansson_GSM2333965_7766148116_R02C01","johansson",21,20.4508653392632,3.0657649867171,"random_forest_all"
"johansson_GSM2333967_9370847096_R03C02","johansson",62,65.9485911434855,4.20392502850255,"random_forest_all"
"johansson_GSM2333975_7766148114_R06C01","johansson",23,22.6500614565114,3.16336571351856,"random_forest_all"
"johansson_GSM2333982_7766148112_R05C01","johansson",19,19.9288045909439,3.04112642020396,"random_forest_all"
"johansson_GSM2333987_9370847011_R04C02","johansson",18,19.6259386899186,3.02654944342357,"random_forest_all"
"johansson_GSM2333992_7766148030_R02C02","johansson",35,38.7620625008662,3.68291325420722,"random_forest_all"
"johansson_GSM2333998_9370847011_R05C01","johansson",32,26.9360901329746,3.32991940606144,"random_forest_all"
"johansson_GSM2334003_7766148112_R04C01","johansson",46,47.4837673063572,3.88122904720638,"random_forest_all"
"johansson_GSM2334006_7766148120_R03C01","johansson",70,69.6239588257473,4.25736944706763,"random_forest_all"
"johansson_GSM2334008_9370847081_R04C01","johansson",41,45.9747409711346,3.84961003109879,"random_forest_all"
"johansson_GSM2334031_7766148077_R05C02","johansson",48,56.9919453693686,4.06030412796076,"random_forest_all"
"johansson_GSM2334034_7766148116_R03C02","johansson",31,29.833832205513,3.42861253535764,"random_forest_all"
"johansson_GSM2334051_9370847091_R06C02","johansson",64,64.8682266367868,4.18765618012209,"random_forest_all"
"johansson_GSM2334052_7766148077_R01C01","johansson",43,46.71068646315,3.86515540766911,"random_forest_all"
"johansson_GSM2334053_7766148130_R02C01","johansson",39,42.1384578569987,3.76441489291822,"random_forest_all"
"johansson_GSM2334054_9370847092_R04C02","johansson",74,70.7102555875887,4.27263377207149,"random_forest_all"
"johansson_GSM2334055_7766148130_R03C01","johansson",44,40.3824755595763,3.72285749555396,"random_forest_all"
"johansson_GSM2334056_7766148057_R05C02","johansson",47,50.7750549207942,3.94690846804003,"random_forest_all"
"johansson_GSM2334058_7766148057_R06C02","johansson",19,21.8397901948348,3.12850419888024,"random_forest_all"
"johansson_GSM2334059_7766148130_R05C01","johansson",15,16.814414796084,2.88000794957546,"random_forest_all"
"johansson_GSM2334063_9370847081_R02C02","johansson",80,74.3966270006025,4.32276253927326,"random_forest_all"
"johansson_GSM2334082_7766148041_R06C02","johansson",30,31.2905358844739,3.47477418062113,"random_forest_all"
"johansson_GSM2334086_9370847015_R04C01","johansson",59,57.9322018432823,4.0763876618593,"random_forest_all"
"johansson_GSM2334090_9370847015_R05C01","johansson",83,72.7354659678927,4.30048390417697,"random_forest_all"
"johansson_GSM2334093_7766148058_R06C02","johansson",83,75.3110373514986,4.33481758512211,"random_forest_all"
"johansson_GSM2334094_9370847015_R06C01","johansson",22,22.9162309603994,3.17455734812203,"random_forest_all"
"johansson_GSM2334117_7766148120_R01C01","johansson",25,24.4336581774207,3.23607342191639,"random_forest_all"
"johansson_GSM2334119_9370847081_R03C01","johansson",50,49.7175218017125,3.92627144855893,"random_forest_all"
"johansson_GSM2334126_9370847125_R03C02","johansson",35,34.3417389037917,3.56506467065532,"random_forest_all"
"johansson_GSM2334142_9370847063_R02C02","johansson",71,67.9611453450564,4.23354323504954,"random_forest_all"
"johansson_GSM2334156_7766148026_R04C02","johansson",17,15.6115133842386,2.81009603231264,"random_forest_all"
"johansson_GSM2334158_7766148026_R05C02","johansson",22,24.7521653430398,3.24851871456613,"random_forest_all"
"johansson_GSM2334160_7766148026_R06C02","johansson",24,35.4428455769239,3.59574515872066,"random_forest_all"
"johansson_GSM2334165_7766148084_R04C02","johansson",45,37.4433341577192,3.64918531701392,"random_forest_all"
"johansson_GSM2334168_9376538120_R04C01","johansson",45,51.1397470080473,3.95392755632725,"random_forest_all"
"johansson_GSM2334177_9370847096_R04C01","johansson",50,58.0706290843418,4.07873383107354,"random_forest_all"
"johansson_GSM2334179_9376561035_R03C02","johansson",62,61.6005744511964,4.13677445460063,"random_forest_all"
"johansson_GSM2334186_7512551050_R05C02","johansson",34,37.490452851223,3.65041023265183,"random_forest_all"
"johansson_GSM2334187_7512551050_R03C02","johansson",47,51.0183457834789,3.95159645988934,"random_forest_all"
"johansson_GSM2334195_7512560144_R04C02","johansson",29,30.3609532933751,3.44556359340587,"random_forest_all"
"johansson_GSM2334201_9379082151_R03C01","johansson",33,31.6060124733955,3.48449670306648,"random_forest_all"
"johansson_GSM2334207_9379082102_R06C02","johansson",21,24.7576591505507,3.24873202562226,"random_forest_all"
"johansson_GSM2334211_7512560144_R04C01","johansson",44,46.2797656387999,3.85608241620738,"random_forest_all"
"johansson_GSM2334221_9370847131_R02C02","johansson",51,43.4619729161806,3.79463428263429,"random_forest_all"
"johansson_GSM2334231_9379082101_R05C02","johansson",77,74.5442691126371,4.32471883028415,"random_forest_all"
"johansson_GSM2334233_9379082101_R06C02","johansson",64,63.4665133056622,4.16614591542885,"random_forest_all"
"johansson_GSM2334237_7766148055_R05C01","johansson",26,25.8299781755602,3.28951985100299,"random_forest_all"
"johansson_GSM2334240_7512560102_R02C02","johansson",37,37.9144338438585,3.66136523177304,"random_forest_all"
"johansson_GSM2334241_9379082134_R06C02","johansson",36,35.7172859928658,3.60324765215108,"random_forest_all"
"johansson_GSM2334246_9376537113_R02C02","johansson",51,52.9102158446846,3.98731999325235,"random_forest_all"
"johansson_GSM2334253_7512551050_R06C01","johansson",45,44.1129158935801,3.80916858895839,"random_forest_all"
"johansson_GSM2334262_9379082102_R06C01","johansson",15,19.3693807385468,3.01403282911616,"random_forest_all"
"johansson_GSM2334266_7766148001_R06C02","johansson",81,75.9472171143107,4.34311969477466,"random_forest_all"
"johansson_GSM2334277_9379082102_R05C01","johansson",50,54.3338521438364,4.01338487573791,"random_forest_all"
"johansson_GSM2334280_9379082102_R04C01","johansson",73,68.3902068664933,4.23974574612179,"random_forest_all"
"johansson_GSM2334284_7766148001_R05C01","johansson",65,68.4790519022561,4.24102529565885,"random_forest_all"
"johansson_GSM2334287_9379082108_R01C01","johansson",57,57.1544057793856,4.06310164186219,"random_forest_all"
"johansson_GSM2334288_9379082151_R05C02","johansson",62,68.5742847096639,4.24239502650627,"random_forest_all"
"johansson_GSM2334290_9376561035_R04C01","johansson",70,71.554005059654,4.28433118193681,"random_forest_all"
"johansson_GSM2334291_7512560137_R06C02","johansson",21,21.7295067462112,3.12366393706635,"random_forest_all"
"johansson_GSM2334300_9379082152_R05C02","johansson",36,39.6492464595452,3.70498029854144,"random_forest_all"
"johansson_GSM2334321_7766148002_R05C01","johansson",19,17.8630874653557,2.93720696822691,"random_forest_all"
"johansson_GSM2334324_7512560137_R06C01","johansson",36,40.0043362533442,3.71367782338856,"random_forest_all"
"johansson_GSM2334329_9376561035_R03C01","johansson",33,29.5269276334367,3.41860916733747,"random_forest_all"
"johansson_GSM2334334_9379082134_R01C01","johansson",82,69.3132272166961,4.25295993498271,"random_forest_all"
"johansson_GSM2334339_9379082134_R01C02","johansson",34,45.3399335418588,3.83600408486118,"random_forest_all"
"johansson_GSM2334340_9376561035_R05C02","johansson",46,44.4779676166383,3.81722798047482,"random_forest_all"
"johansson_GSM2334358_7512560092_R03C02","johansson",19,20.3326276769311,3.06023771650063,"random_forest_all"
"johansson_GSM2334362_7512560092_R04C02","johansson",15,15.5513710137216,2.80646893910022,"random_forest_all"
"johansson_GSM2334365_9376538150_R01C01","johansson",54,48.3069897751593,3.89806585142794,"random_forest_all"
"johansson_GSM2334368_9370847124_R06C02","johansson",25,29.0359076718462,3.40239358831649,"random_forest_all"
"johansson_GSM2334372_7512560092_R03C01","johansson",21,24.7401878165534,3.24805349882176,"random_forest_all"
"johansson_GSM2334374_9379082133_R06C01","johansson",48,49.7060311869053,3.92604486184376,"random_forest_all"
"johansson_GSM2334379_7512560092_R04C01","johansson",47,50.6628036196386,3.94473805680367,"random_forest_all"
"johansson_GSM2334386_7512560092_R05C01","johansson",41,44.4836603879133,3.81735314910707,"random_forest_all"
"johansson_GSM2334389_9370847124_R01C02","johansson",77,70.3444406424054,4.26751942417247,"random_forest_all"
"johansson_GSM2334390_9379082133_R05C02","johansson",44,43.3018425239359,3.7910262681486,"random_forest_all"
"johansson_GSM2334402_7766148053_R02C01","johansson",60,63.5775319985958,4.16786654841213,"random_forest_all"
"johansson_GSM2334411_7512560102_R03C01","johansson",47,53.0738269806051,3.99035027915086,"random_forest_all"
"johansson_GSM2334417_9379082133_R03C01","johansson",51,56.0858543636728,4.04455635153417,"random_forest_all"
"johansson_GSM2334420_7512560102_R06C02","johansson",42,44.613550400934,3.82020483029289,"random_forest_all"
"johansson_GSM2334423_7512560102_R04C02","johansson",33,39.5901351357578,3.70352506013223,"random_forest_all"
"johansson_GSM2334425_9376537113_R04C02","johansson",49,58.4578475158643,4.08526761637424,"random_forest_all"
"johansson_GSM2334428_9370847131_R05C01","johansson",17,17.2488150454958,2.90410014890659,"random_forest_all"
"johansson_GSM2334433_7512560134_R04C01","johansson",40,40.365521995666,3.72244773182195,"random_forest_all"
"johansson_GSM2334434_9376538150_R06C01","johansson",39,45.0872635734225,3.83053663359696,"random_forest_all"
"johansson_GSM2334437_9376538150_R03C01","johansson",39,35.5654687984622,3.59910431960236,"random_forest_all"
"johansson_GSM2334439_9376561035_R01C01","johansson",56,55.0914491750512,4.02698337978929,"random_forest_all"
"johansson_GSM2334441_7766148041_R02C02","johansson",46,46.0281351505897,3.85074604283376,"random_forest_all"
"johansson_GSM2334457_7766148116_R06C02","johansson",71,64.1528216754557,4.17673561307743,"random_forest_all"
"johansson_GSM2334459_7766148122_R05C01","johansson",42,45.4233059594084,3.83780161673796,"random_forest_all"
"johansson_GSM2334469_7766148122_R05C02","johansson",40,52.2049064850773,3.97415061925804,"random_forest_all"
"johansson_GSM2334472_7766148113_R06C01","johansson",39,40.8549106112758,3.73420912843361,"random_forest_all"
"johansson_GSM2334475_7766148113_R02C01","johansson",16,17.0940996733033,2.89558590022678,"random_forest_all"
"johansson_GSM2334482_7766148061_R05C01","johansson",54,56.6946790130784,4.05516495111748,"random_forest_all"
"johansson_GSM2334486_7766148061_R01C02","johansson",35,36.8468567395132,3.63354793124382,"random_forest_all"
"johansson_GSM2334500_7766148131_R01C02","johansson",18,18.9721172807284,2.9943371648787,"random_forest_all"
"johansson_GSM2334506_7766148131_R04C02","johansson",66,64.8963934576184,4.18808371250886,"random_forest_all"
"johansson_GSM2334511_7766148098_R05C01","johansson",58,52.6868260399731,3.98316764627752,"random_forest_all"
"johansson_GSM2334515_9376561048_R04C01","johansson",74,67.8665187858285,4.2321701206651,"random_forest_all"
"johansson_GSM2334520_9376561048_R01C01","johansson",81,77.0173758876052,4.35693156967034,"random_forest_all"
"johansson_GSM2334525_7766148012_R05C01","johansson",58,62.0090777238876,4.1432788068668,"random_forest_all"
"johansson_GSM2334527_9376561056_R06C01","johansson",33,32.5192982608889,3.51212134045706,"random_forest_all"
"johansson_GSM2334528_7766148012_R02C01","johansson",30,31.3951056825383,3.47800735220678,"random_forest_all"
"johansson_GSM2334531_7766148012_R06C01","johansson",22,22.6451129339936,3.16315645231592,"random_forest_all"
"johansson_GSM2334532_7766148012_R03C01","johansson",15,15.9726285635815,2.83160196198197,"random_forest_all"
"johansson_GSM2334536_9376561015_R01C01","johansson",63,60.1182498773899,4.11281051024329,"random_forest_all"
"johansson_GSM2334540_9376561015_R02C01","johansson",79,76.3773612504724,4.34869424750808,"random_forest_all"
"johansson_GSM2334546_9376561015_R05C01","johansson",80,76.7124241976608,4.35301514417482,"random_forest_all"
"johansson_GSM2334551_9376561048_R05C02","johansson",45,48.4508113263899,3.90097846493898,"random_forest_all"
"johansson_GSM2334552_9376561048_R03C02","johansson",45,46.7493524561412,3.86596550570685,"random_forest_all"
"johansson_GSM2334553_9376561048_R06C02","johansson",26,23.3449018082477,3.19232245628283,"random_forest_all"
"johansson_GSM2334558_7766148016_R05C01","johansson",33,37.0347899513314,3.638501265924,"random_forest_all"
"johansson_GSM2334566_7766148016_R02C01","johansson",53,56.7033494301622,4.05531522087888,"random_forest_all"
"johansson_GSM2334586_7766148061_R06C02","johansson",70,71.9182557915228,4.28933903004445,"random_forest_all"
"johansson_GSM2334600_7766148084_R03C01","johansson",72,66.7457683332866,4.21576199778381,"random_forest_all"
"johansson_GSM2334606_7766148103_R02C01","johansson",64,62.128440630313,4.14517139114484,"random_forest_all"
"johansson_GSM2334612_7512551003_R03C02","johansson",77,71.8436938391767,4.28831596525918,"random_forest_all"
"johansson_GSM2334614_7512551003_R02C02","johansson",73,69.9432407042748,4.26188013062903,"random_forest_all"
"johansson_GSM2334621_7512551037_R04C02","johansson",62,57.7855328082731,4.07389578395598,"random_forest_all"
"johansson_GSM2334623_7512551003_R05C01","johansson",56,50.5384062993436,3.94232728311912,"random_forest_all"
"johansson_GSM2334626_7766148103_R06C01","johansson",16,10.7328488878112,2.46239250511293,"random_forest_all"
"johansson_GSM2334627_7512551037_R04C01","johansson",53,39.4922079559263,3.70110955945201,"random_forest_all"
"johansson_GSM2334633_7766148084_R01C01","johansson",52,51.5307043953935,3.96139784426857,"random_forest_all"
"kalyakulina_GSM7468916_204367460032_R04C01","kalyakulina",76.57,62.729650503232,4.15464992528844,"random_forest_all"
"kalyakulina_GSM7468918_204367490018_R08C01","kalyakulina",54.11,68.0512229198536,4.23484859034081,"random_forest_all"
"kalyakulina_GSM7468956_204390590123_R03C01","kalyakulina",64.49,57.2957263961075,4.06552878700078,"random_forest_all"
"kalyakulina_GSM7468980_204367490058_R04C01","kalyakulina",79.71,73.5961665352229,4.31208911896205,"random_forest_all"
"kalyakulina_GSM7468984_204367490018_R06C01","kalyakulina",84.99,83.728137904524,4.43944775315457,"random_forest_all"
"kalyakulina_GSM7468988_204373100094_R02C01","kalyakulina",46.06,50.8456606410222,3.9482712405469,"random_forest_all"
"kalyakulina_GSM7468991_204367490072_R02C01","kalyakulina",29.24,30.6694865434503,3.45535364770836,"random_forest_all"
"kalyakulina_GSM7468993_204367460065_R06C01","kalyakulina",36.32,40.1563397450124,3.71737797953373,"random_forest_all"
"kalyakulina_GSM7468995_204367490072_R08C01","kalyakulina",84.77,73.4268516504223,4.30981678600683,"random_forest_all"
"kalyakulina_GSM7468999_205724790012_R01C01","kalyakulina",93.32,88.3921499787839,4.49303287048055,"random_forest_all"
"kalyakulina_GSM7469001_205724790012_R03C01","kalyakulina",84.27,84.8188511473031,4.45223869270266,"random_forest_all"
"kalyakulina_GSM7469003_205724790012_R05C01","kalyakulina",86.3,87.0517073633598,4.47792422559305,"random_forest_all"
"kalyakulina_GSM7469005_205724790012_R07C01","kalyakulina",51.88,55.0741514546522,4.02667494796279,"random_forest_all"
"kalyakulina_GSM7469012_205724790027_R06C01","kalyakulina",43.41,50.4819776829734,3.94123179852021,"random_forest_all"
"kalyakulina_GSM7469016_205724790046_R02C01","kalyakulina",32.78,36.0025412728675,3.61098659333612,"random_forest_all"
"kalyakulina_GSM7469017_205724790046_R03C01","kalyakulina",41.18,42.4048947524239,3.77057221706083,"random_forest_all"
"kalyakulina_GSM7469034_205724780160_R04C01","kalyakulina",97.77,85.2665268173144,4.45744165282882,"random_forest_all"
"kalyakulina_GSM7469040_205724780161_R02C01","kalyakulina",76.06,79.1328269012215,4.38368559410469,"random_forest_all"
"kalyakulina_GSM7469041_205724780161_R03C01","kalyakulina",76.16,80.8459451189863,4.40483876219885,"random_forest_all"
"kalyakulina_GSM7469052_205724780167_R06C01","kalyakulina",22.22,28.946943465396,3.39942726477577,"random_forest_all"
"kalyakulina_GSM7469053_205724780167_R07C01","kalyakulina",94.19,85.3505143148048,4.45841476073945,"random_forest_all"
"kalyakulina_GSM7469058_205724780168_R04C01","kalyakulina",93.94,85.5999015513739,4.46129867874758,"random_forest_all"
"kalyakulina_GSM7469062_205724780168_R08C01","kalyakulina",61.47,64.8935223718968,4.18804014186532,"random_forest_all"
"kalyakulina_GSM7469067_206112280005_R05C01","kalyakulina",37.08,40.204154596631,3.71853909099555,"random_forest_all"
"kalyakulina_GSM7469072_206112280009_R02C01","kalyakulina",96.61,82.5155041980283,4.4250322936389,"random_forest_all"
"kalyakulina_GSM7469083_205809370026_R05C01","kalyakulina",91.6,83.6923283252797,4.43902502288385,"random_forest_all"
"kalyakulina_GSM7469094_205809370064_R08C01","kalyakulina",60.68,57.374838146001,4.06688494332571,"random_forest_all"
"kalyakulina_GSM7469102_205809370073_R08C01","kalyakulina",68.22,61.1173255360591,4.12902494416724,"random_forest_all"
"kalyakulina_GSM7469105_205809370080_R03C01","kalyakulina",90.15,86.148204650848,4.4676101710751,"random_forest_all"
"kalyakulina_GSM7469118_205809370081_R08C01","kalyakulina",80.54,84.9300504786623,4.4535335987643,"random_forest_all"
"kalyakulina_GSM7469130_205809370094_R04C01","kalyakulina",94.9,83.7164167027974,4.43930940463376,"random_forest_all"
"kalyakulina_GSM7469131_205809370094_R05C01","kalyakulina",85.76,70.8855878453596,4.27507579742142,"random_forest_all"
"kalyakulina_GSM7469140_206103240102_R06C01","kalyakulina",88.74,80.6774904692071,4.40277844945209,"random_forest_all"
"kalyakulina_GSM7469148_205809370103_R06C01","kalyakulina",90.09,84.2706353378955,4.44583014362212,"random_forest_all"
"kalyakulina_GSM7469155_206103240107_R05C01","kalyakulina",99.18,87.1359483364582,4.4788804898578,"random_forest_all"
"kalyakulina_GSM7469163_206644410075_R05C01","kalyakulina",15.2657534246575,19.8048924017376,3.03518817067135,"random_forest_all"
"kurushima_GSM3440330_6042316073_R03C01","kurushima",63.99,61.7309634361697,4.1388551604503,"random_forest_all"
"kurushima_GSM3440331_6042316073_R05C01","kurushima",63.99,61.4831834818905,4.13489745624831,"random_forest_all"
"kurushima_GSM3440341_6057825006_R06C02","kurushima",56.02,54.1537487378015,4.0101247168763,"random_forest_all"
"kurushima_GSM3440348_6929793055_R05C02","kurushima",39.5,45.0115799803008,3.82889310351042,"random_forest_all"
"kurushima_GSM3440353_6929793141_R04C02","kurushima",58.6,55.7910226512224,4.03937826132049,"random_forest_all"
"kurushima_GSM3440360_6929806011_R06C02","kurushima",44,48.0551350319945,3.89294487027683,"random_forest_all"
"kurushima_GSM3440363_6929793026_R04C01","kurushima",69.6,64.1514829831381,4.17671506590792,"random_forest_all"
"kurushima_GSM3440367_6929806039_R03C02","kurushima",62.2,54.1493293950498,4.010044585971,"random_forest_all"
"kurushima_GSM3440369_6055432120_R02C02","kurushima",73.06,63.0408554334792,4.15952124583879,"random_forest_all"
"kurushima_GSM3440372_6929806070_R05C01","kurushima",67.6,60.176749768618,4.11376721159428,"random_forest_all"
"kurushima_GSM3440377_6929806008_R02C02","kurushima",63.7,58.0523211319373,4.07842384977833,"random_forest_all"
"kurushima_GSM3440384_6929793026_R03C01","kurushima",60.3,57.3072898852676,4.06572712645316,"random_forest_all"
"kurushima_GSM3440396_6929806054_R05C02","kurushima",59.5,61.6956643008225,4.13829229534077,"random_forest_all"
"kurushima_GSM3440397_6929793033_R06C01","kurushima",43.6,50.2293032556015,3.93631169753853,"random_forest_all"
"kurushima_GSM3440400_6057825005_R05C02","kurushima",64.11,69.8580228211766,4.26067819643975,"random_forest_all"
"kurushima_GSM3440402_6929793109_R03C01","kurushima",47.3,49.9059491783372,3.92997979645815,"random_forest_all"
"kurushima_GSM3440409_6929793057_R03C01","kurushima",51.6,55.1939021207288,4.02880824782287,"random_forest_all"
"kurushima_GSM3440410_6929793004_R06C02","kurushima",59.2,56.9161376840651,4.05899606222254,"random_forest_all"
"kurushima_GSM3440417_6042308041_R02C01","kurushima",60.9,49.7678651859281,3.92726357934425,"random_forest_all"
"kurushima_GSM3440418_6929806054_R02C02","kurushima",53.1,52.5191087555313,3.98003876313145,"random_forest_all"
"kurushima_GSM3440419_6929806054_R03C02","kurushima",53.1,49.7873777040038,3.92764785331693,"random_forest_all"
"kurushima_GSM3440420_6929806010_R03C02","kurushima",67.9,65.7301835049593,4.20065737687366,"random_forest_all"
"kurushima_GSM3440424_6929793167_R05C01","kurushima",71.9,62.9204045653723,4.15763863068349,"random_forest_all"
"kurushima_GSM3440425_6929793167_R06C01","kurushima",71.9,61.1680983723745,4.1298419802692,"random_forest_all"
"kurushima_GSM3440426_6929806039_R03C01","kurushima",64,55.4783577035572,4.03385751527563,"random_forest_all"
"kurushima_GSM3440429_6042308005_R01C02","kurushima",32.11,32.1745110747058,3.50178184234647,"random_forest_all"
"kurushima_GSM3440430_6042308005_R03C02","kurushima",32.11,33.4950018325621,3.54081443912351,"random_forest_all"
"kurushima_GSM3440432_6929793109_R01C01","kurushima",62.2,63.8945579444506,4.17276376725814,"random_forest_all"
"kurushima_GSM3440436_6057825033_R01C01","kurushima",50.3,49.6197862833948,3.92434253312851,"random_forest_all"
"kurushima_GSM3440448_6055432139_R05C01","kurushima",59.29,59.7895221960072,4.10741744181869,"random_forest_all"
"kurushima_GSM3440452_6057825042_R02C01","kurushima",65.69,61.782197387601,4.13967155219664,"random_forest_all"
"kurushima_GSM3440456_6929793118_R03C02","kurushima",40.2,43.33231917941,3.79171396363959,"random_forest_all"
"kurushima_GSM3440463_6929806023_R06C02","kurushima",49.4,51.0966909273884,3.95310143287253,"random_forest_all"
"kurushima_GSM3440478_6042316021_R05C02","kurushima",63.64,57.077923176193,4.06178561189155,"random_forest_all"
"kurushima_GSM3440489_6929742055_R02C02","kurushima",41.9,41.9125712272874,3.75916481860853,"random_forest_all"
"kurushima_GSM3440497_6042316098_R03C02","kurushima",62.7,60.4067526587695,4.1175198072618,"random_forest_all"
"kurushima_GSM3440498_6057825025_R04C02","kurushima",65.52,53.580545316996,3.99967750638081,"random_forest_all"
"kurushima_GSM3440503_6929806023_R02C01","kurushima",58.8,58.6842296959928,4.08906782630627,"random_forest_all"
"kurushima_GSM3440508_6929742023_R05C01","kurushima",51.1,51.5042992887774,3.96089505745948,"random_forest_all"
"kurushima_GSM3440513_6057825006_R02C02","kurushima",76.56,70.989388241123,4.27651872261378,"random_forest_all"
"kurushima_GSM3440514_6042316073_R03C02","kurushima",69.44,62.2533744423448,4.14714847705163,"random_forest_all"
"kurushima_GSM3440520_6929806014_R02C01","kurushima",59.6,60.06709676878,4.111973206704,"random_forest_all"
"kurushima_GSM3440523_6057825046_R06C01","kurushima",68.13,66.0616390791986,4.20561218271968,"random_forest_all"
"kurushima_GSM3440533_6929806010_R02C02","kurushima",72,65.9706975028316,4.20425517302125,"random_forest_all"
"kurushima_GSM3440538_6929793024_R04C01","kurushima",67.1,67.7811446874154,4.23092964760212,"random_forest_all"
"kurushima_GSM3440545_6929742023_R03C02","kurushima",78.7,65.7772854019398,4.20136298382315,"random_forest_all"
"kurushima_GSM3440547_6929793111_R02C01","kurushima",57.4,57.142546971993,4.06289770173902,"random_forest_all"
"kurushima_GSM3440548_6929793111_R03C01","kurushima",57.4,57.8678286846073,4.07529473913604,"random_forest_all"
"kurushima_GSM3440552_6042308108_R04C01","kurushima",48.99,50.0275763538213,3.93236619941185,"random_forest_all"
"kurushima_GSM3440555_6055432139_R05C02","kurushima",68.42,59.7288664751843,4.10641914474574,"random_forest_all"
"kurushima_GSM3440558_6929742080_R05C02","kurushima",42.6,43.0789024720993,3.78598126598884,"random_forest_all"
"kurushima_GSM3440560_6055432102_R04C01","kurushima",70.42,68.7545782054995,4.24498305590227,"random_forest_all"
"kurushima_GSM3440566_6057825036_R06C02","kurushima",71.21,58.5194335929899,4.08630287423275,"random_forest_all"
"kurushima_GSM3440574_6929806013_R06C02","kurushima",72.5,62.6751904992933,4.15379501260495,"random_forest_all"
"kurushima_GSM3440578_6057825036_R05C01","kurushima",64.18,55.9006030073337,4.04130593874456,"random_forest_all"
"kurushima_GSM3440588_6929806011_R02C01","kurushima",43.7,45.7618989126022,3.84506874554412,"random_forest_all"
"kurushima_GSM3440590_6929793026_R01C02","kurushima",54.7,51.0736071695153,3.95265824016457,"random_forest_all"
"kurushima_GSM3440593_6929793103_R04C01","kurushima",57.2,54.9929624184566,4.02522601173889,"random_forest_all"
"kurushima_GSM3440604_6929793124_R06C02","kurushima",41.5,47.080269801167,3.87287190171634,"random_forest_all"
"kurushima_GSM3440606_6042308005_R04C02","kurushima",52.98,43.0695117466372,3.78576819975093,"random_forest_all"
"kurushima_GSM3440624_6929806039_R06C01","kurushima",49.9,48.7817583549239,3.90764861883318,"random_forest_all"
"kurushima_GSM3440625_6929793126_R04C02","kurushima",64.7,59.1199049300723,4.0963409835474,"random_forest_all"
"kurushima_GSM3440627_6929793125_R02C01","kurushima",62.1,59.999211485755,4.11086093762673,"random_forest_all"
"kurushima_GSM3440630_6055432140_R06C02","kurushima",56.94,55.0102415860207,4.0255345594783,"random_forest_all"
"kurushima_GSM3440635_6929793126_R01C02","kurushima",61.7,57.5961244742408,4.07066855914407,"random_forest_all"
"kurushima_GSM3440640_6055432155_R02C02","kurushima",49.4,58.3293607533209,4.08310430578677,"random_forest_all"
"kurushima_GSM3440652_6929793026_R06C02","kurushima",48.9,50.0577100603472,3.9329565627925,"random_forest_all"
"kurushima_GSM3440655_6055432140_R06C01","kurushima",43.76,44.6696278232969,3.82143347790373,"random_forest_all"
"kurushima_GSM3440663_6929793109_R04C01","kurushima",37.6,35.7997400167166,3.60549078038679,"random_forest_all"
"kurushima_GSM3440665_6929806070_R04C01","kurushima",49.4,53.1367637660928,3.99151350711496,"random_forest_all"
"kurushima_GSM3440669_6929793004_R04C01","kurushima",73.8,67.8835486970722,4.2324173787847,"random_forest_all"
"kurushima_GSM3440670_6929793004_R05C01","kurushima",73.8,65.5992881567742,4.1986938891525,"random_forest_all"
"kurushima_GSM3440671_6929793033_R04C01","kurushima",44,48.3021736666658,3.89796817067842,"random_forest_all"
"kurushima_GSM3440674_6929793167_R02C01","kurushima",49.8,46.2758295561723,3.85599916185058,"random_forest_all"
"kurushima_GSM3440678_6929793137_R06C01","kurushima",70.1,63.564533762052,4.16766524705442,"random_forest_all"
"kurushima_GSM3440685_6929793125_R06C01","kurushima",57.2,58.5593828274637,4.08697384556373,"random_forest_all"
"kurushima_GSM3440692_6055432102_R01C01","kurushima",59.48,58.716091130292,4.08960151725174,"random_forest_all"
"kurushima_GSM3440696_6057825042_R01C02","kurushima",60.76,64.2065961258866,4.17756063139046,"random_forest_all"
"kurushima_GSM3440724_6055432099_R03C02","kurushima",53.48,53.7682639449476,4.00311090110406,"random_forest_all"
"kurushima_GSM3440725_6929793103_R02C02","kurushima",57.3,53.3960151617424,3.99629090047567,"random_forest_all"
"kurushima_GSM3440729_6055432092_R02C02","kurushima",51.2,50.1991109475049,3.93572216758816,"random_forest_all"
"kurushima_GSM3440731_6057825036_R01C01","kurushima",59.46,59.1492824073891,4.0968295122978,"random_forest_all"
"kurushima_GSM3440732_6929806070_R01C01","kurushima",69.2,65.9668390483536,4.20419755729113,"random_forest_all"
"kurushima_GSM3440745_6929806011_R03C02","kurushima",72.9,69.0431482543991,4.24911145578494,"random_forest_all"
"kurushima_GSM3440750_6042308041_R01C01","kurushima",52.1,49.5477039648162,3.92291752336303,"random_forest_all"
"kurushima_GSM3440773_6929806010_R04C01","kurushima",65.1,60.6073286603917,4.1207808352225,"random_forest_all"
"kurushima_GSM3440779_6055432092_R03C01","kurushima",51.73,49.2846416593909,3.91769969567817,"random_forest_all"
"kurushima_GSM3440781_6055432099_R02C01","kurushima",43.72,45.1317125416831,3.8315006211313,"random_forest_all"
"kurushima_GSM3440782_6929793109_R06C01","kurushima",67.2,62.1953748205513,4.14623111525566,"random_forest_all"
"kurushima_GSM3440784_6057825006_R04C02","kurushima",45.85,48.4589669644678,3.90114337559265,"random_forest_all"
"kurushima_GSM3440789_6057825019_R03C01","kurushima",67.1,62.4007062853628,4.14947500152881,"random_forest_all"
"mahdi_GSM7866966_207700460080_R08C01","mahdi",60.42,61.2048075656172,4.13043228880998,"random_forest_all"
"mahdi_GSM7866969_207700470041_R01C01","mahdi",47.42,48.0831890702458,3.89351659471317,"random_forest_all"
"mahdi_GSM7866970_207700470049_R03C01","mahdi",78.14,68.4052003653178,4.23996179792324,"random_forest_all"
"mahdi_GSM7866972_207705770040_R06C01","mahdi",24.15,24.189058061492,3.22640969631451,"random_forest_all"
"mahdi_GSM7866979_207705770089_R06C01","mahdi",54.62,53.6906205129398,4.00169222329797,"random_forest_all"
"mahdi_GSM7866987_207700470010_R04C01","mahdi",19.77,22.2083075130635,3.14451029703567,"random_forest_all"
"mahdi_GSM7866991_207700460090_R05C01","mahdi",73.75,68.7572184398943,4.24502090552443,"random_forest_all"
"mahdi_GSM7867002_207686140117_R01C01","mahdi",49.34,51.2290841952715,3.95563950821965,"random_forest_all"
"mahdi_GSM7867008_207700470024_R03C01","mahdi",26.96,29.143262196207,3.40596142211932,"random_forest_all"
"mahdi_GSM7867011_207686140102_R03C01","mahdi",55.38,55.5148228499102,4.03450295507015,"random_forest_all"
"mahdi_GSM7867012_207700460010_R01C01","mahdi",30.4,29.4641097375013,3.41654926080511,"random_forest_all"
"mahdi_GSM7867013_207705770049_R06C01","mahdi",19.6,17.8694926019577,2.9375464698805,"random_forest_all"
"mahdi_GSM7867024_207805820117_R08C01","mahdi",23.31,24.0188767104002,3.21963060836347,"random_forest_all"
"mahdi_GSM7867025_207686140125_R07C01","mahdi",54.84,58.7975316217065,4.09096438287567,"random_forest_all"
"mahdi_GSM7867031_207686150009_R05C01","mahdi",74.85,73.0765365070931,4.30509883583098,"random_forest_all"
"mahdi_GSM7867044_207686140165_R01C01","mahdi",32.36,36.8214658417636,3.63287682085478,"random_forest_all"
"mahdi_GSM7867049_207705770129_R02C01","mahdi",43.87,43.7020104530761,3.80001847718699,"random_forest_all"
"mahdi_GSM7867054_207700460084_R06C01","mahdi",52.91,56.0352592034075,4.04366965910717,"random_forest_all"
"mahdi_GSM7867055_207700460010_R04C01","mahdi",67.47,65.8110784460455,4.20186891179252,"random_forest_all"
"mahdi_GSM7867059_207686150009_R06C01","mahdi",60.8,63.9438595362162,4.17352319724954,"random_forest_all"
"mahdi_GSM7867071_207700460090_R06C01","mahdi",63.62,63.6928190223767,4.16965020651216,"random_forest_all"
"mahdi_GSM7867074_207705770091_R08C01","mahdi",24.93,24.0190241860548,3.21963650292147,"random_forest_all"
"mahdi_GSM7867077_207686140044_R03C01","mahdi",34.03,29.3168433474406,3.41170344412205,"random_forest_all"
"mahdi_GSM7867080_207700460103_R04C01","mahdi",64.22,60.5127593224471,4.1192446219515,"random_forest_all"
"mahdi_GSM7867082_207700460044_R06C01","mahdi",66.99,67.3418745346556,4.22452267584938,"random_forest_all"
"mahdi_GSM7867088_207700460034_R01C01","mahdi",75.4,67.7860419716062,4.23100084603703,"random_forest_all"
"mahdi_GSM7867090_207805820140_R07C01","mahdi",19.81,20.805235629827,3.08215010746551,"random_forest_all"
"mahdi_GSM7867101_207700460136_R03C01","mahdi",54.79,58.0483677452691,4.07835690035225,"random_forest_all"
"mahdi_GSM7867103_207700460134_R02C01","mahdi",27.56,28.236991642918,3.37543474459943,"random_forest_all"
"mahdi_GSM7867115_207686150081_R01C01","mahdi",71.15,71.718196949434,4.28659165513711,"random_forest_all"
"mahdi_GSM7867119_207700470022_R03C01","mahdi",69.42,71.1713340726925,4.27904293205526,"random_forest_all"
"mahdi_GSM7867126_207805820171_R07C01","mahdi",67.49,69.7821041988251,4.25960620319576,"random_forest_all"
"mahdi_GSM7867132_207700460101_R03C01","mahdi",67.64,69.6913304451302,4.25832294084505,"random_forest_all"
"mahdi_GSM7867134_207686150081_R03C01","mahdi",50.12,52.8303976947488,3.98583832052159,"random_forest_all"
"mahdi_GSM7867144_207705770040_R05C01","mahdi",65.51,67.5381921267203,4.22739113919051,"random_forest_all"
"mahdi_GSM7867146_207700470036_R01C01","mahdi",42.22,40.9241296248022,3.73586154720283,"random_forest_all"
"mahdi_GSM7867149_207805820127_R06C01","mahdi",40.14,44.3603757192231,3.81463894243685,"random_forest_all"
"mahdi_GSM7867152_207700470029_R02C01","mahdi",82.67,72.8316066902403,4.3017869148584,"random_forest_all"
"mahdi_GSM7867157_207700470049_R04C01","mahdi",70.01,61.5598257922029,4.13612331158169,"random_forest_all"
"mahdi_GSM7867159_207686150104_R04C01","mahdi",49.88,62.9046570314308,4.15739223871896,"random_forest_all"
"mahdi_GSM7867160_207805820161_R06C01","mahdi",59.96,61.1462432195873,4.12949036913998,"random_forest_all"
"mahdi_GSM7867169_207700460028_R02C01","mahdi",27.83,29.5906679003134,3.42069499186736,"random_forest_all"
"mahdi_GSM7867170_207805820117_R02C01","mahdi",57.58,51.3802030971438,3.95852871645166,"random_forest_all"
"mahdi_GSM7867171_207700470004_R04C01","mahdi",49.39,48.7046476001578,3.90609844181215,"random_forest_all"
"mahdi_GSM7867173_207686150008_R06C01","mahdi",67.14,66.1388002153843,4.20676212149923,"random_forest_all"
"mahdi_GSM7867175_207705770050_R04C01","mahdi",45.98,50.2762152920565,3.93722700513162,"random_forest_all"
"mahdi_GSM7867178_207700460134_R05C01","mahdi",31.91,35.8529667618395,3.60693612453549,"random_forest_all"
"mahdi_GSM7867182_207705770099_R03C01","mahdi",34.86,39.3471048601296,3.69751964146343,"random_forest_all"
"mahdi_GSM7867185_207700470042_R06C01","mahdi",77.46,77.5204359843728,4.36335892191924,"random_forest_all"
"mahdi_GSM7867186_207705770040_R07C01","mahdi",73.47,58.8040931213975,4.09107410546032,"random_forest_all"
"mahdi_GSM7867188_207805820146_R06C01","mahdi",26.79,26.4234824263389,3.31139966921871,"random_forest_all"
"mahdi_GSM7867197_207700470029_R04C01","mahdi",69.47,68.1345222831669,4.23605420490374,"random_forest_all"
"mahdi_GSM7867200_207700460020_R06C01","mahdi",53.48,55.3736359437803,4.03200160141092,"random_forest_all"
"mahdi_GSM7867201_207805820161_R03C01","mahdi",42.83,47.3061097625587,3.87755804877779,"random_forest_all"
"mahdi_GSM7867216_207700460142_R07C01","mahdi",40,40.369157317737,3.72253561086139,"random_forest_all"
"mahdi_GSM7867222_207700460069_R04C01","mahdi",57.82,59.6112417753805,4.10448038371538,"random_forest_all"
"mahdi_GSM7867224_207700460068_R04C01","mahdi",69.88,63.6425513869281,4.16887288414751,"random_forest_all"
"mahdi_GSM7867240_207805820127_R07C01","mahdi",65.3,67.8538771856289,4.23198653710588,"random_forest_all"
"mahdi_GSM7867244_207700460080_R07C01","mahdi",73.23,71.7050287752378,4.2864105537461,"random_forest_all"
"mahdi_GSM7867245_207700460044_R03C01","mahdi",33.2,31.7622192885972,3.48927600054253,"random_forest_all"
"mahdi_GSM7867255_207686140044_R08C01","mahdi",86.23,74.6927921759556,4.32668294026883,"random_forest_all"
"mahdi_GSM7867263_207700470049_R05C01","mahdi",41.27,49.233055115834,3.91667327844537,"random_forest_all"
"mahdi_GSM7867267_207686150008_R05C01","mahdi",79.55,72.7940014042571,4.30127744651775,"random_forest_all"
"mahdi_GSM7867273_207700470047_R03C01","mahdi",30.04,26.4386887655538,3.31195401620403,"random_forest_all"
"mahdi_GSM7867291_207705770129_R08C01","mahdi",30.84,28.5777460485544,3.38702225588564,"random_forest_all"
"mahdi_GSM7867292_207686140125_R04C01","mahdi",40.15,36.8090726507629,3.63254909104197,"random_forest_all"
"mahdi_GSM7867296_207700460090_R08C01","mahdi",46.35,43.8676016254283,3.80371596693078,"random_forest_all"
"mahdi_GSM7867297_207686150104_R08C01","mahdi",49.81,55.2200429088095,4.02927332870843,"random_forest_all"
"mahdi_GSM7867298_207700460019_R08C01","mahdi",58.55,55.199498146186,4.02890782707661,"random_forest_all"
"mahdi_GSM7867305_207686140044_R02C01","mahdi",55.84,54.2077655984229,4.01110362451924,"random_forest_all"
"mahdi_GSM7867313_207700460068_R07C01","mahdi",26.6,27.6158015365141,3.35395906652989,"random_forest_all"
"mahdi_GSM7867317_207705770135_R08C01","mahdi",37.82,37.6011505646323,3.65328208340045,"random_forest_all"
"mahdi_GSM7867319_207686140115_R04C01","mahdi",57.79,59.8778315521569,4.10886909452481,"random_forest_all"
"mahdi_GSM7867322_207700460134_R04C01","mahdi",54.81,63.4533909047714,4.16594234095342,"random_forest_all"
"mahdi_GSM7867331_207700460115_R01C01","mahdi",46.94,46.8500890382289,3.86807297867526,"random_forest_all"
"mahdi_GSM7867339_207700470047_R05C01","mahdi",24.3,22.2153571554897,3.14481400603972,"random_forest_all"
"mahdi_GSM7867346_207700460103_R02C01","mahdi",44.32,45.5571596919459,3.84068079838256,"random_forest_all"
"mahdi_GSM7867349_207705770049_R01C01","mahdi",29.14,30.1151148941016,3.43769371057749,"random_forest_all"
"mahdi_GSM7867358_207700460066_R06C01","mahdi",74.6,69.8041536669114,4.25991766659054,"random_forest_all"
"mahdi_GSM7867363_207700460142_R04C01","mahdi",76.83,76.5552782108622,4.35099094934205,"random_forest_all"
"mahdi_GSM7867366_207686150081_R05C01","mahdi",75.78,76.2218276962702,4.34668215924636,"random_forest_all"
"mahdi_GSM7867370_207700460035_R02C01","mahdi",58.91,66.3747830624925,4.21027080937229,"random_forest_all"
"mahdi_GSM7867384_207700460135_R04C01","mahdi",74.3,76.5036892910271,4.35032553898147,"random_forest_all"
"mahdi_GSM7867400_207700470022_R04C01","mahdi",77.47,69.8328429402323,4.26032277647568,"random_forest_all"
"mahdi_GSM7867412_207700460063_R08C01","mahdi",51.93,51.4734948975472,3.96030818301898,"random_forest_all"
"mahdi_GSM7867413_207686140076_R04C01","mahdi",78.64,73.3225200030896,4.30841400139965,"random_forest_all"
"mahdi_GSM7867414_207686140076_R01C01","mahdi",19.65,21.9898859021285,3.13505437582795,"random_forest_all"
"mahdi_GSM7867417_207700470049_R02C01","mahdi",61.01,59.0531562602798,4.09523010768229,"random_forest_all"
"mahdi_GSM7867420_207686140115_R01C01","mahdi",71.14,71.7800790591644,4.28744227845938,"random_forest_all"
"mahdi_GSM7867424_207700460136_R07C01","mahdi",44.48,45.3085738645881,3.83532712460902,"random_forest_all"
"mahdi_GSM7867439_207700460080_R03C01","mahdi",28.39,30.8440936344215,3.46085192163218,"random_forest_all"
"mahdi_GSM7867446_207700460028_R04C01","mahdi",72.99,74.1808849493485,4.31989700914082,"random_forest_all"
"mahdi_GSM7867451_207700470047_R06C01","mahdi",60.04,53.4483400943321,3.99725236396172,"random_forest_all"
"mahdi_GSM7867457_207686140044_R05C01","mahdi",45.27,44.8603802238955,3.82560156836563,"random_forest_all"
"mahdi_GSM7867461_207700460101_R06C01","mahdi",47.79,60.6116456653176,4.12085090567961,"random_forest_all"
"quinn_GSM7026368_203845450033_R01C01","quinn",1.016438356,0.812196929461191,0.594539882433563,"random_forest_all"
"quinn_GSM7026369_203845450033_R02C01","quinn",3,3.36256244165918,1.47305960070042,"random_forest_all"
"quinn_GSM7026373_203845450033_R08C01","quinn",0,0.760075984550438,0.565356981158153,"random_forest_all"
"quinn_GSM7026377_203845450024_R06C01","quinn",0,0.0232861124005158,0.0230191276322945,"random_forest_all"
"quinn_GSM7026381_203845450037_R03C01","quinn",2.01369863,1.81933946826976,1.03650262640362,"random_forest_all"
"quinn_GSM7026383_203845450037_R06C01","quinn",0.491803279,0.678736913163631,0.518041673241086,"random_forest_all"
"quinn_GSM7026393_203841950132_R07C01","quinn",0,0.0359954439855843,0.035362746130309,"random_forest_all"
"quinn_GSM7026402_203841950147_R04C01","quinn",2.847278988,2.4061897390329,1.22559428797983,"random_forest_all"
"quinn_GSM7026403_203841950147_R05C01","quinn",2.057534247,2.00235257402532,1.09939617269251,"random_forest_all"
"quinn_GSM7026412_203841950117_R07C01","quinn",0,0.0183957275685544,0.0182285730132126,"random_forest_all"
"quinn_GSM7026421_203845450043_R04C01","quinn",0,0.0542482292342738,0.0528279339981359,"random_forest_all"
"quinn_GSM7026444_203968030074_R06C01","quinn",0,0.0251667816665717,0.0248553131749591,"random_forest_all"
"quinn_GSM7026453_203968030067_R01C01","quinn",0.844479377,1.10309002039478,0.743407701508079,"random_forest_all"
"quinn_GSM7026454_203968030067_R02C01","quinn",0,0.00773223388802716,0.00770249337626104,"random_forest_all"
"quinn_GSM7026456_203968030067_R04C01","quinn",0,0.0406150992857326,0.0398119799415147,"random_forest_all"
"quinn_GSM7026466_203845450078_R02C01","quinn",0.501369863,0.578347651869849,0.456378509863216,"random_forest_all"
"quinn_GSM7026472_203968030103_R05C01","quinn",1.065753425,1.43528958191147,0.890065674273197,"random_forest_all"
"quinn_GSM7026473_203845450083_R01C01","quinn",2.035616438,2.12071102705639,1.13806086914496,"random_forest_all"
"quinn_GSM7026475_203845450083_R04C01","quinn",2.874601392,2.50830827537136,1.25513394846286,"random_forest_all"
"quinn_GSM7026480_203960330106_R03C01","quinn",2.035616438,2.05656649817949,1.11729222656586,"random_forest_all"
"quinn_GSM7026481_203960330106_R04C01","quinn",1.224657534,1.16318547278535,0.771581891230675,"random_forest_all"
"quinn_GSM7026487_203960330138_R06C01","quinn",0,0.0777083581580589,0.0748368961422673,"random_forest_all"
"quinn_GSM7026495_203960330108_R01C01","quinn",3.035616438,5.23270125181298,1.82980982659829,"random_forest_all"
"quinn_GSM7026498_203960330108_R07C01","quinn",0,0.0128745382960497,0.0127923659635747,"random_forest_all"
"quinn_GSM7026500_203841950174_R02C01","quinn",0,0.0103542775619673,0.0103010392111359,"random_forest_all"
"quinn_GSM7026502_203841950174_R04C01","quinn",1.980821918,1.72875130225917,1.00384410611843,"random_forest_all"
"quinn_GSM7026508_203841950080_R04C01","quinn",2.005479452,2.19282197616874,1.16090515776827,"random_forest_all"
"quinn_GSM7026510_203841950080_R07C01","quinn",0.501369863,0.699889933959755,0.530563504236584,"random_forest_all"
"quinn_GSM7026512_203841950149_R01C01","quinn",2,1.95910608759305,1.08488722529078,"random_forest_all"
"quinn_GSM7026515_203841950149_R05C01","quinn",0,0.0695881122499643,0.0672736325422291,"random_forest_all"
"quinn_GSM7026524_203998250028_R01C01","quinn",2.008219178,2.63400893873735,1.29033642972256,"random_forest_all"
"quinn_GSM7026525_203998250028_R07C01","quinn",0,0.0155089152559691,0.0153898811784649,"random_forest_all"
"xu_GSM5310261_3999979017_R05C01","xu",45.6,47.7277840216631,3.88624938119927,"random_forest_all"
"xu_GSM5310280_3999979115_R06C02","xu",72.9,67.4535236197271,4.22615502768825,"random_forest_all"
"xu_GSM5310281_3999979116_R06C01","xu",71.9,70.6783296632862,4.27218846570663,"random_forest_all"
"xu_GSM5310286_3999979130_R06C02","xu",61.4,59.4352676672369,4.1015728363119,"random_forest_all"
"xu_GSM5310292_3999984009_R04C02","xu",70.2,61.3997087930613,4.13356060858663,"random_forest_all"
"xu_GSM5310298_3999984043_R03C02","xu",70.3,67.7767803276406,4.23086619273718,"random_forest_all"
"xu_GSM5310299_3999984046_R06C01","xu",48.6,53.6761137567933,4.00142693684998,"random_forest_all"
"xu_GSM5310300_3999984047_R03C01","xu",67.9,72.0248330494432,4.29079956206021,"random_forest_all"
"xu_GSM5310310_3999984092_R06C01","xu",66.1,64.3065472456372,4.17909229535486,"random_forest_all"
"xu_GSM5310311_3999984136_R06C02","xu",50.6,50.561108218743,3.94276767160926,"random_forest_all"
"xu_GSM5310313_3999997002_R02C01","xu",70.8,72.56665196425,4.29819182474295,"random_forest_all"
"xu_GSM5310319_3999997024_R06C02","xu",46.6,48.4297097006457,3.90055165436304,"random_forest_all"
"xu_GSM5310325_3999997057_R05C01","xu",68.8,64.3855711305349,4.18030160920653,"random_forest_all"
"xu_GSM5310329_3999997067_R04C02","xu",49.2,53.6045764726679,4.00011769741904,"random_forest_all"
"xu_GSM5310345_9993943007_R03C01","xu",61.3,64.1674021206258,4.17695937643213,"random_forest_all"
"xu_GSM5310352_9993943067_R04C02","xu",41.4,45.7276380563331,3.84433581095243,"random_forest_all"
"xu_GSM5310361_9994014021_R02C01","xu",52.2,47.9327322086197,3.89044654287186,"random_forest_all"
"xu_GSM5310363_9994014030_R06C02","xu",62.2,56.461812685057,4.05112059995674,"random_forest_all"
"xu_GSM5310373_9994014111_R05C02","xu",46.6,48.5414890588179,3.90281048131676,"random_forest_all"
"xu_GSM5310375_9994014114_R02C01","xu",73.4,73.8011827626843,4.31483369719077,"random_forest_all"
"xu_GSM5310378_9994014117_R06C01","xu",50.1,60.517217255022,4.11931709099849,"random_forest_all"
"xu_GSM5310380_9994014120_R05C01","xu",66.1,63.8657190299596,4.17231927198365,"random_forest_all"
"xu_GSM5310385_9994014134_R06C01","xu",69.7,67.0281564455962,4.21992168485111,"random_forest_all"
"xu_GSM5310391_9994014147_R04C01","xu",57.1,58.7890592226034,4.09082268807431,"random_forest_all"
"xu_GSM5310398_9994014162_R06C01","xu",72.4,63.2260112738595,4.16240828866972,"random_forest_all"
"xu_GSM5310406_9994014184_R02C02","xu",51.9,57.4266089797749,4.06777141928021,"random_forest_all"
"xu_GSM5310407_9994014185_R01C01","xu",64.2,59.9451459359343,4.10997421265632,"random_forest_all"
"xu_GSM5310414_9994014204_R06C01","xu",49.3,43.7177668533733,3.8003708914053,"random_forest_all"
"xu_GSM5310421_9996247008_R06C01","xu",67.7,64.0608398958697,4.17532283052028,"random_forest_all"
"xu_GSM5310426_9996247015_R02C02","xu",70.9,63.4931302360173,4.16655871016063,"random_forest_all"
"xu_GSM5310429_9996247020_R05C01","xu",75.1,71.7965140858107,4.28766807061953,"random_forest_all"
"xu_GSM5310430_9996247021_R02C01","xu",59.3,55.5185701846839,4.03456925998544,"random_forest_all"
"xu_GSM5310434_9996247033_R06C01","xu",42.4,45.724200820595,3.84426224930225,"random_forest_all"
"xu_GSM5310436_9996247036_R03C02","xu",67.5,62.1152441222202,4.14496232709278,"random_forest_all"
"xu_GSM5310440_9996247042_R01C01","xu",64.5,62.5407256429829,4.15168104903085,"random_forest_all"
"xu_GSM5310444_9996247057_R06C01","xu",47.7,42.4647669708372,3.77195065521071,"random_forest_all"
"xu_GSM5310460_9996247090_R02C01","xu",73.4,70.032037620983,4.26313100936418,"random_forest_all"
"xu_GSM5310463_9996247095_R01C02","xu",36.6,32.3846480512111,3.50809615513089,"random_forest_all"
"xu_GSM5310465_9996247097_R02C01","xu",45.4,49.5686408589058,3.92333163830014,"random_forest_all"
"xu_GSM5310468_9996247102_R02C01","xu",46.5,46.4217349084705,3.8590806659754,"random_forest_all"
"xu_GSM5310470_9996247107_R02C01","xu",49.3,46.9499433846572,3.87015762061253,"random_forest_all"
"xu_GSM5310478_9996247134_R06C01","xu",60.8,61.5187238855269,4.13546609404501,"random_forest_all"
"xu_GSM5310480_9996247139_R01C02","xu",39.1,40.6097000291838,3.72833331386489,"random_forest_all"
"xu_GSM5310484_9996247145_R05C01","xu",47.7,43.6111514778447,3.79798386090848,"random_forest_all"
"xu_GSM5310492_9996247163_R03C02","xu",64,59.4306919607402,4.10149712092416,"random_forest_all"
"xu_GSM5310497_9996247174_R01C01","xu",38.2,36.5517945483232,3.62572116796895,"random_forest_all"
"xu_GSM5310512_9996247198_R05C02","xu",70.8,72.5955735232354,4.29858488157886,"random_forest_all"
"xu_GSM5310513_9996247199_R04C01","xu",41.3,40.5982754835917,3.72805871168659,"random_forest_all"
"fraga_205837540003_R04C01","fraga",79,58.3393952393382,4.08327342336043,"pca_linear_without_quinn"
"fraga_205837540006_R06C01","fraga",36,34.5124195063133,3.56988248054805,"pca_linear_without_quinn"
"fraga_205837540012_R03C01","fraga",54,58.8210536899419,4.09135766738873,"pca_linear_without_quinn"
"fraga_205837540012_R05C01","fraga",59,56.0728044164393,4.0443277232824,"pca_linear_without_quinn"
"fraga_205837540014_R01C01","fraga",26,29.10779982453,3.40478426856941,"pca_linear_without_quinn"
"fraga_205837540025_R05C01","fraga",70,70.728192815345,4.27288387555559,"pca_linear_without_quinn"
"fraga_205837540027_R03C01","fraga",45,41.3281622327545,3.74545263834714,"pca_linear_without_quinn"
"fraga_205837540064_R01C01","fraga",40,40.1029916875426,3.71608090930425,"pca_linear_without_quinn"
"fraga_205837540064_R07C01","fraga",27,29.9670698592319,3.43292437727893,"pca_linear_without_quinn"
"fraga_205837540066_R01C01","fraga",37,37.1396848566559,3.64125533733415,"pca_linear_without_quinn"
"fraga_205837540066_R02C01","fraga",34,35.1550864228785,3.58781764196782,"pca_linear_without_quinn"
"fraga_205837540066_R04C01","fraga",80,72.5048152797728,4.29735091808336,"pca_linear_without_quinn"
"johansson_GSM2333901_9370847096_R05C02","johansson",72,80.7058007687053,4.40312500018646,"pca_linear_without_quinn"
"johansson_GSM2333903_7766148053_R06C02","johansson",23,22.5217821775308,3.15792689301401,"pca_linear_without_quinn"
"johansson_GSM2333909_9379082138_R01C01","johansson",33,36.3885961981631,3.62136574343699,"pca_linear_without_quinn"
"johansson_GSM2333922_7766148025_R06C02","johansson",68,65.851789262941,4.2024780685292,"pca_linear_without_quinn"
"johansson_GSM2333927_9370847011_R02C01","johansson",74,71.8438292015037,4.28831782351477,"pca_linear_without_quinn"
"johansson_GSM2333932_7766148030_R01C02","johansson",45,44.697131150404,3.82203552022736,"pca_linear_without_quinn"
"johansson_GSM2333944_7512551037_R01C01","johansson",62,61.4366521427439,4.13415247702118,"pca_linear_without_quinn"
"johansson_GSM2333945_9370847125_R01C01","johansson",57,51.0733773418692,3.95265382663984,"pca_linear_without_quinn"
"johansson_GSM2333946_9370847125_R05C02","johansson",50,53.1519611007699,3.99179418887191,"pca_linear_without_quinn"
"johansson_GSM2333956_7766148026_R05C01","johansson",28,29.9733130254437,3.43312596357667,"pca_linear_without_quinn"
"johansson_GSM2333959_7766148077_R01C02","johansson",25,23.7304901467776,3.20803690126322,"pca_linear_without_quinn"
"johansson_GSM2333961_7766148003_R06C02","johansson",22,22.059417055919,3.13807423507294,"pca_linear_without_quinn"
"johansson_GSM2333965_7766148116_R02C01","johansson",21,21.1708562499616,3.09877864489241,"pca_linear_without_quinn"
"johansson_GSM2333967_9370847096_R03C02","johansson",62,61.356445426009,4.13286704169917,"pca_linear_without_quinn"
"johansson_GSM2333975_7766148114_R06C01","johansson",23,21.8323354188355,3.12817775136044,"pca_linear_without_quinn"
"johansson_GSM2333982_7766148112_R05C01","johansson",19,18.805207762796,2.98594492144026,"pca_linear_without_quinn"
"johansson_GSM2333987_9370847011_R04C02","johansson",18,19.5032186310421,3.02058188021245,"pca_linear_without_quinn"
"johansson_GSM2333992_7766148030_R02C02","johansson",35,35.4207073714264,3.59513749672003,"pca_linear_without_quinn"
"johansson_GSM2333998_9370847011_R05C01","johansson",32,29.2809810237544,3.41051982645112,"pca_linear_without_quinn"
"johansson_GSM2334003_7766148112_R04C01","johansson",46,38.8126402870816,3.68418445702053,"pca_linear_without_quinn"
"johansson_GSM2334006_7766148120_R03C01","johansson",70,69.7217880283017,4.2587537012154,"pca_linear_without_quinn"
"johansson_GSM2334008_9370847081_R04C01","johansson",41,42.5817034837444,3.77463741741119,"pca_linear_without_quinn"
"johansson_GSM2334031_7766148077_R05C02","johansson",48,48.5259996987421,3.90249777812025,"pca_linear_without_quinn"
"johansson_GSM2334034_7766148116_R03C02","johansson",31,30.7813498808986,3.4588796360057,"pca_linear_without_quinn"
"johansson_GSM2334051_9370847091_R06C02","johansson",64,63.3832736504922,4.16485387345165,"pca_linear_without_quinn"
"johansson_GSM2334052_7766148077_R01C01","johansson",43,43.2974319426082,3.79092670567796,"pca_linear_without_quinn"
"johansson_GSM2334053_7766148130_R02C01","johansson",39,37.2484643856393,3.64410341268597,"pca_linear_without_quinn"
"johansson_GSM2334054_9370847092_R04C02","johansson",74,74.7931333619294,4.32800769965215,"pca_linear_without_quinn"
"johansson_GSM2334055_7766148130_R03C01","johansson",44,38.7768718742991,3.68328563469535,"pca_linear_without_quinn"
"johansson_GSM2334056_7766148057_R05C02","johansson",47,47.504952588015,3.88166590794684,"pca_linear_without_quinn"
"johansson_GSM2334058_7766148057_R06C02","johansson",19,20.7383432331257,3.07907767056118,"pca_linear_without_quinn"
"johansson_GSM2334059_7766148130_R05C01","johansson",15,16.3412985675148,2.85309085710172,"pca_linear_without_quinn"
"johansson_GSM2334063_9370847081_R02C02","johansson",80,93.4971352004484,4.54856951870101,"pca_linear_without_quinn"
"johansson_GSM2334082_7766148041_R06C02","johansson",30,26.5760420371128,3.31694735362277,"pca_linear_without_quinn"
"johansson_GSM2334086_9370847015_R04C01","johansson",59,51.5938002287945,3.96259824642415,"pca_linear_without_quinn"
"johansson_GSM2334090_9370847015_R05C01","johansson",83,80.6314193490663,4.40221422890326,"pca_linear_without_quinn"
"johansson_GSM2334093_7766148058_R06C02","johansson",83,91.3745099463715,4.52585107420825,"pca_linear_without_quinn"
"johansson_GSM2334094_9370847015_R06C01","johansson",22,23.529263740342,3.19986684315798,"pca_linear_without_quinn"
"johansson_GSM2334117_7766148120_R01C01","johansson",25,24.3539469620187,3.23293441661637,"pca_linear_without_quinn"
"johansson_GSM2334119_9370847081_R03C01","johansson",50,48.5870382081943,3.90372947313148,"pca_linear_without_quinn"
"johansson_GSM2334126_9370847125_R03C02","johansson",35,32.3179097106077,3.50609508155552,"pca_linear_without_quinn"
"johansson_GSM2334142_9370847063_R02C02","johansson",71,69.7578208950549,4.25926307310024,"pca_linear_without_quinn"
"johansson_GSM2334156_7766148026_R04C02","johansson",17,17.3065720717473,2.90726012497945,"pca_linear_without_quinn"
"johansson_GSM2334158_7766148026_R05C02","johansson",22,23.6379541372254,3.20428810507305,"pca_linear_without_quinn"
"johansson_GSM2334160_7766148026_R06C02","johansson",24,24.2278158540687,3.22794718950684,"pca_linear_without_quinn"
"johansson_GSM2334165_7766148084_R04C02","johansson",45,39.4618908701069,3.70036056495572,"pca_linear_without_quinn"
"johansson_GSM2334168_9376538120_R04C01","johansson",45,44.5240914633435,3.81824166854124,"pca_linear_without_quinn"
"johansson_GSM2334177_9370847096_R04C01","johansson",50,53.9481524303611,4.00639005754299,"pca_linear_without_quinn"
"johansson_GSM2334179_9376561035_R03C02","johansson",62,58.5415040122118,4.08667361580288,"pca_linear_without_quinn"
"johansson_GSM2334186_7512551050_R05C02","johansson",34,34.1958033395879,3.56092685218923,"pca_linear_without_quinn"
"johansson_GSM2334187_7512551050_R03C02","johansson",47,45.7872538709489,3.84561081264388,"pca_linear_without_quinn"
"johansson_GSM2334195_7512560144_R04C02","johansson",29,29.3351074774877,3.41230570440719,"pca_linear_without_quinn"
"johansson_GSM2334201_9379082151_R03C01","johansson",33,30.3629349233941,3.44562677922155,"pca_linear_without_quinn"
"johansson_GSM2334207_9379082102_R06C02","johansson",21,22.8240228628378,3.17069443559691,"pca_linear_without_quinn"
"johansson_GSM2334211_7512560144_R04C01","johansson",44,41.2830571980545,3.74438646676195,"pca_linear_without_quinn"
"johansson_GSM2334221_9370847131_R02C02","johansson",51,43.9918393425169,3.80648112538072,"pca_linear_without_quinn"
"johansson_GSM2334231_9379082101_R05C02","johansson",77,80.0110120609184,4.39458509680125,"pca_linear_without_quinn"
"johansson_GSM2334233_9379082101_R06C02","johansson",64,66.5205560719228,4.21243208591615,"pca_linear_without_quinn"
"johansson_GSM2334237_7766148055_R05C01","johansson",26,26.6625551042017,3.32007969739332,"pca_linear_without_quinn"
"johansson_GSM2334240_7512560102_R02C02","johansson",37,34.2855149718608,3.56347253898597,"pca_linear_without_quinn"
"johansson_GSM2334241_9379082134_R06C02","johansson",36,35.2924696495689,3.59161027208028,"pca_linear_without_quinn"
"johansson_GSM2334246_9376537113_R02C02","johansson",51,52.2197675054677,3.97442989698434,"pca_linear_without_quinn"
"johansson_GSM2334253_7512551050_R06C01","johansson",45,42.9011372152209,3.78194022442034,"pca_linear_without_quinn"
"johansson_GSM2334262_9379082102_R06C01","johansson",15,18.8694926077753,2.9891855206451,"pca_linear_without_quinn"
"johansson_GSM2334266_7766148001_R06C02","johansson",81,86.6687738865295,4.47356577994925,"pca_linear_without_quinn"
"johansson_GSM2334277_9379082102_R05C01","johansson",50,48.646508206794,3.90492805985679,"pca_linear_without_quinn"
"johansson_GSM2334280_9379082102_R04C01","johansson",73,72.157649953928,4.2926167009992,"pca_linear_without_quinn"
"johansson_GSM2334284_7766148001_R05C01","johansson",65,64.8381227998209,4.1871990444165,"pca_linear_without_quinn"
"johansson_GSM2334287_9379082108_R01C01","johansson",57,59.2555274759128,4.0985943105015,"pca_linear_without_quinn"
"johansson_GSM2334288_9379082151_R05C02","johansson",62,60.9513396237047,4.12634923211423,"pca_linear_without_quinn"
"johansson_GSM2334290_9376561035_R04C01","johansson",70,67.6357566543376,4.22881363296481,"pca_linear_without_quinn"
"johansson_GSM2334291_7512560137_R06C02","johansson",21,20.3541996747473,3.06124842640769,"pca_linear_without_quinn"
"johansson_GSM2334300_9379082152_R05C02","johansson",36,36.8909959101445,3.63471350893276,"pca_linear_without_quinn"
"johansson_GSM2334321_7766148002_R05C01","johansson",19,19.5655008178935,3.02361495431042,"pca_linear_without_quinn"
"johansson_GSM2334324_7512560137_R06C01","johansson",36,35.7380560810548,3.60381316823626,"pca_linear_without_quinn"
"johansson_GSM2334329_9376561035_R03C01","johansson",33,29.8026773199074,3.42760161217271,"pca_linear_without_quinn"
"johansson_GSM2334334_9379082134_R01C01","johansson",82,81.331043993007,4.41074824182033,"pca_linear_without_quinn"
"johansson_GSM2334339_9379082134_R01C02","johansson",34,37.2149794806902,3.64322757175084,"pca_linear_without_quinn"
"johansson_GSM2334340_9376561035_R05C02","johansson",46,46.0541207151825,3.85129844381552,"pca_linear_without_quinn"
"johansson_GSM2334358_7512560092_R03C02","johansson",19,20.6093294592672,3.0731251408503,"pca_linear_without_quinn"
"johansson_GSM2334362_7512560092_R04C02","johansson",15,17.7525199337964,2.93132813985517,"pca_linear_without_quinn"
"johansson_GSM2334365_9376538150_R01C01","johansson",54,50.4254459535619,3.9401331074229,"pca_linear_without_quinn"
"johansson_GSM2334368_9370847124_R06C02","johansson",25,26.5959642725791,3.31766954002362,"pca_linear_without_quinn"
"johansson_GSM2334372_7512560092_R03C01","johansson",21,23.9341757553801,3.21623938272204,"pca_linear_without_quinn"
"johansson_GSM2334374_9379082133_R06C01","johansson",48,48.1085665139651,3.89403349033508,"pca_linear_without_quinn"
"johansson_GSM2334379_7512560092_R04C01","johansson",47,48.4475160926563,3.90091182612272,"pca_linear_without_quinn"
"johansson_GSM2334386_7512560092_R05C01","johansson",41,42.3228578401008,3.76868039041161,"pca_linear_without_quinn"
"johansson_GSM2334389_9370847124_R01C02","johansson",77,80.4771712118339,4.40032287317903,"pca_linear_without_quinn"
"johansson_GSM2334390_9379082133_R05C02","johansson",44,43.5719901051801,3.79710563718846,"pca_linear_without_quinn"
"johansson_GSM2334402_7766148053_R02C01","johansson",60,58.9983124798817,4.09431643649127,"pca_linear_without_quinn"
"johansson_GSM2334411_7512560102_R03C01","johansson",47,46.0117639334143,3.85039786684675,"pca_linear_without_quinn"
"johansson_GSM2334417_9379082133_R03C01","johansson",51,52.4658088991612,3.97904236360247,"pca_linear_without_quinn"
"johansson_GSM2334420_7512560102_R06C02","johansson",42,43.0526225159745,3.78538488559245,"pca_linear_without_quinn"
"johansson_GSM2334423_7512560102_R04C02","johansson",33,35.7094118464112,3.60303317576261,"pca_linear_without_quinn"
"johansson_GSM2334425_9376537113_R04C02","johansson",49,53.2233054066836,3.99311080508,"pca_linear_without_quinn"
"johansson_GSM2334428_9370847131_R05C01","johansson",17,17.8056885962824,2.93415940897496,"pca_linear_without_quinn"
"johansson_GSM2334433_7512560134_R04C01","johansson",40,37.1167443332538,3.64065366940037,"pca_linear_without_quinn"
"johansson_GSM2334434_9376538150_R06C01","johansson",39,38.517298314109,3.6767385080456,"pca_linear_without_quinn"
"johansson_GSM2334437_9376538150_R03C01","johansson",39,37.4693792662238,3.64986258110566,"pca_linear_without_quinn"
"johansson_GSM2334439_9376561035_R01C01","johansson",56,53.3434937585837,3.99532489634774,"pca_linear_without_quinn"
"johansson_GSM2334441_7766148041_R02C02","johansson",46,43.9254683394992,3.80500485753458,"pca_linear_without_quinn"
"johansson_GSM2334457_7766148116_R06C02","johansson",71,73.2593538715405,4.30756374781612,"pca_linear_without_quinn"
"johansson_GSM2334459_7766148122_R05C01","johansson",42,43.5543889741484,3.79671066700248,"pca_linear_without_quinn"
"johansson_GSM2334469_7766148122_R05C02","johansson",40,37.7467700849136,3.65704739967794,"pca_linear_without_quinn"
"johansson_GSM2334472_7766148113_R06C01","johansson",39,38.252286618799,3.67000970033529,"pca_linear_without_quinn"
"johansson_GSM2334475_7766148113_R02C01","johansson",16,16.6707975623925,2.87191342183774,"pca_linear_without_quinn"
"johansson_GSM2334482_7766148061_R05C01","johansson",54,58.4045743415947,4.0843712325213,"pca_linear_without_quinn"
"johansson_GSM2334486_7766148061_R01C02","johansson",35,33.4071263178174,3.53826370332627,"pca_linear_without_quinn"
"johansson_GSM2334500_7766148131_R01C02","johansson",18,18.5229797733089,2.97159222165592,"pca_linear_without_quinn"
"johansson_GSM2334506_7766148131_R04C02","johansson",66,63.8783580492158,4.17251410198408,"pca_linear_without_quinn"
"johansson_GSM2334511_7766148098_R05C01","johansson",58,47.8400376299174,3.88855041971554,"pca_linear_without_quinn"
"johansson_GSM2334515_9376561048_R04C01","johansson",74,72.6616502774333,4.29948231474957,"pca_linear_without_quinn"
"johansson_GSM2334520_9376561048_R01C01","johansson",81,86.4392750674881,4.47094455320592,"pca_linear_without_quinn"
"johansson_GSM2334525_7766148012_R05C01","johansson",58,58.1574698880776,4.08020286965418,"pca_linear_without_quinn"
"johansson_GSM2334527_9376561056_R06C01","johansson",33,30.0183909608192,3.43458028537852,"pca_linear_without_quinn"
"johansson_GSM2334528_7766148012_R02C01","johansson",30,28.578939886027,3.38706261776372,"pca_linear_without_quinn"
"johansson_GSM2334531_7766148012_R06C01","johansson",22,22.6195653387415,3.16207540834509,"pca_linear_without_quinn"
"johansson_GSM2334532_7766148012_R03C01","johansson",15,17.4425535591782,2.91466068788913,"pca_linear_without_quinn"
"johansson_GSM2334536_9376561015_R01C01","johansson",63,62.3598960957218,4.14883110760144,"pca_linear_without_quinn"
"johansson_GSM2334540_9376561015_R02C01","johansson",79,86.6902550387312,4.47381077619998,"pca_linear_without_quinn"
"johansson_GSM2334546_9376561015_R05C01","johansson",80,80.3708214425573,4.39901674981009,"pca_linear_without_quinn"
"johansson_GSM2334551_9376561048_R05C02","johansson",45,44.0044741414681,3.8067619101939,"pca_linear_without_quinn"
"johansson_GSM2334552_9376561048_R03C02","johansson",45,43.9653438303376,3.80589205595879,"pca_linear_without_quinn"
"johansson_GSM2334553_9376561048_R06C02","johansson",26,26.0946597953582,3.29933665294583,"pca_linear_without_quinn"
"johansson_GSM2334558_7766148016_R05C01","johansson",33,33.3826250141301,3.5375513499815,"pca_linear_without_quinn"
"johansson_GSM2334566_7766148016_R02C01","johansson",53,54.247627506641,4.0118253984196,"pca_linear_without_quinn"
"johansson_GSM2334586_7766148061_R06C02","johansson",70,76.260765478962,4.34718626501926,"pca_linear_without_quinn"
"johansson_GSM2334600_7766148084_R03C01","johansson",72,63.0652076747078,4.15990143458132,"pca_linear_without_quinn"
"johansson_GSM2334606_7766148103_R02C01","johansson",64,67.1921211789714,4.22232903294084,"pca_linear_without_quinn"
"johansson_GSM2334612_7512551003_R03C02","johansson",77,82.0695442984643,4.41967814008252,"pca_linear_without_quinn"
"johansson_GSM2334614_7512551003_R02C02","johansson",73,76.5303761954244,4.35066981047531,"pca_linear_without_quinn"
"johansson_GSM2334621_7512551037_R04C02","johansson",62,62.6673982479639,4.15367263011822,"pca_linear_without_quinn"
"johansson_GSM2334623_7512551003_R05C01","johansson",56,51.4631500879968,3.9601110200625,"pca_linear_without_quinn"
"johansson_GSM2334626_7766148103_R06C01","johansson",16,15.1477383633145,2.78178000043898,"pca_linear_without_quinn"
"johansson_GSM2334627_7512551037_R04C01","johansson",53,41.1289691957705,3.74073560846564,"pca_linear_without_quinn"
"johansson_GSM2334633_7766148084_R01C01","johansson",52,51.3828472352978,3.95857919490081,"pca_linear_without_quinn"
"kalyakulina_GSM7468916_204367460032_R04C01","kalyakulina",76.57,72.3883384638155,4.29576504648348,"pca_linear_without_quinn"
"kalyakulina_GSM7468918_204367490018_R08C01","kalyakulina",54.11,57.8311265152732,4.07467107734632,"pca_linear_without_quinn"
"kalyakulina_GSM7468956_204390590123_R03C01","kalyakulina",64.49,60.7312541402234,4.12279035274281,"pca_linear_without_quinn"
"kalyakulina_GSM7468980_204367490058_R04C01","kalyakulina",79.71,76.9342118544085,4.35586503303184,"pca_linear_without_quinn"
"kalyakulina_GSM7468984_204367490018_R06C01","kalyakulina",84.99,93.6993747026874,4.55070739724191,"pca_linear_without_quinn"
"kalyakulina_GSM7468988_204373100094_R02C01","kalyakulina",46.06,49.1349364565199,3.91471809952759,"pca_linear_without_quinn"
"kalyakulina_GSM7468991_204367490072_R02C01","kalyakulina",29.24,31.756625213107,3.48910523820549,"pca_linear_without_quinn"
"kalyakulina_GSM7468993_204367460065_R06C01","kalyakulina",36.32,39.8947617032961,3.71100197913233,"pca_linear_without_quinn"
"kalyakulina_GSM7468995_204367490072_R08C01","kalyakulina",84.77,92.372538573644,4.53659728244844,"pca_linear_without_quinn"
"kalyakulina_GSM7468999_205724790012_R01C01","kalyakulina",93.32,93.9615068334218,4.55347161826126,"pca_linear_without_quinn"
"kalyakulina_GSM7469001_205724790012_R03C01","kalyakulina",84.27,93.1600513753702,4.54499600856965,"pca_linear_without_quinn"
"kalyakulina_GSM7469003_205724790012_R05C01","kalyakulina",86.3,102.772800572085,4.64220389951634,"pca_linear_without_quinn"
"kalyakulina_GSM7469005_205724790012_R07C01","kalyakulina",51.88,53.0764909345799,3.99039954306476,"pca_linear_without_quinn"
"kalyakulina_GSM7469012_205724790027_R06C01","kalyakulina",43.41,43.7683597664643,3.80150163469239,"pca_linear_without_quinn"
"kalyakulina_GSM7469016_205724790046_R02C01","kalyakulina",32.78,31.963511692106,3.49540124342247,"pca_linear_without_quinn"
"kalyakulina_GSM7469017_205724790046_R03C01","kalyakulina",41.18,39.7503893945731,3.70746539533626,"pca_linear_without_quinn"
"kalyakulina_GSM7469034_205724780160_R04C01","kalyakulina",97.77,105.948013917608,4.67234286516064,"pca_linear_without_quinn"
"kalyakulina_GSM7469040_205724780161_R02C01","kalyakulina",76.06,78.8769502368906,4.38048732851094,"pca_linear_without_quinn"
"kalyakulina_GSM7469041_205724780161_R03C01","kalyakulina",76.16,75.9984056599769,4.34378471592473,"pca_linear_without_quinn"
"kalyakulina_GSM7469052_205724780167_R06C01","kalyakulina",22.22,25.5662434156328,3.27964136534366,"pca_linear_without_quinn"
"kalyakulina_GSM7469053_205724780167_R07C01","kalyakulina",94.19,94.0481487829184,4.55438359249983,"pca_linear_without_quinn"
"kalyakulina_GSM7469058_205724780168_R04C01","kalyakulina",93.94,95.013868947144,4.56449264923273,"pca_linear_without_quinn"
"kalyakulina_GSM7469062_205724780168_R08C01","kalyakulina",61.47,61.9518994432201,4.14237093387501,"pca_linear_without_quinn"
"kalyakulina_GSM7469067_206112280005_R05C01","kalyakulina",37.08,34.965423750964,3.58255802556505,"pca_linear_without_quinn"
"kalyakulina_GSM7469072_206112280009_R02C01","kalyakulina",96.61,86.4578026095274,4.47115642114968,"pca_linear_without_quinn"
"kalyakulina_GSM7469083_205809370026_R05C01","kalyakulina",91.6,81.5925603887637,4.41391960853793,"pca_linear_without_quinn"
"kalyakulina_GSM7469094_205809370064_R08C01","kalyakulina",60.68,51.3302528674645,3.9575746525426,"pca_linear_without_quinn"
"kalyakulina_GSM7469102_205809370073_R08C01","kalyakulina",68.22,59.6407297752239,4.10496677581355,"pca_linear_without_quinn"
"kalyakulina_GSM7469105_205809370080_R03C01","kalyakulina",90.15,90.4510823854835,4.51580421058404,"pca_linear_without_quinn"
"kalyakulina_GSM7469118_205809370081_R08C01","kalyakulina",80.54,90.317986991759,4.5143477779644,"pca_linear_without_quinn"
"kalyakulina_GSM7469130_205809370094_R04C01","kalyakulina",94.9,111.342480098463,4.72155206357827,"pca_linear_without_quinn"
"kalyakulina_GSM7469131_205809370094_R05C01","kalyakulina",85.76,81.6859262919571,4.41504940969959,"pca_linear_without_quinn"
"kalyakulina_GSM7469140_206103240102_R06C01","kalyakulina",88.74,88.5834805012812,4.49517093357741,"pca_linear_without_quinn"
"kalyakulina_GSM7469148_205809370103_R06C01","kalyakulina",90.09,87.1219306552973,4.47872143108244,"pca_linear_without_quinn"
"kalyakulina_GSM7469155_206103240107_R05C01","kalyakulina",99.18,91.4906234465456,4.52710727123483,"pca_linear_without_quinn"
"kalyakulina_GSM7469163_206644410075_R05C01","kalyakulina",15.2657534246575,18.6525763489898,2.97820844162873,"pca_linear_without_quinn"
"kurushima_GSM3440330_6042316073_R03C01","kurushima",63.99,66.1333871113537,4.2066814926789,"pca_linear_without_quinn"
"kurushima_GSM3440331_6042316073_R05C01","kurushima",63.99,65.7733979827012,4.20130476743457,"pca_linear_without_quinn"
"kurushima_GSM3440341_6057825006_R06C02","kurushima",56.02,52.3993016586878,3.97779766832797,"pca_linear_without_quinn"
"kurushima_GSM3440348_6929793055_R05C02","kurushima",39.5,40.0355539408895,3.71443886022023,"pca_linear_without_quinn"
"kurushima_GSM3440353_6929793141_R04C02","kurushima",58.6,61.9494091317099,4.1423313741351,"pca_linear_without_quinn"
"kurushima_GSM3440360_6929806011_R06C02","kurushima",44,45.5758800317385,3.84108281124717,"pca_linear_without_quinn"
"kurushima_GSM3440363_6929793026_R04C01","kurushima",69.6,68.0407923982403,4.23469752408822,"pca_linear_without_quinn"
"kurushima_GSM3440367_6929806039_R03C02","kurushima",62.2,61.5001667075894,4.13516922406023,"pca_linear_without_quinn"
"kurushima_GSM3440369_6055432120_R02C02","kurushima",73.06,79.5985299509567,4.38948041052438,"pca_linear_without_quinn"
"kurushima_GSM3440372_6929806070_R05C01","kurushima",67.6,64.0121146554804,4.17457363184425,"pca_linear_without_quinn"
"kurushima_GSM3440377_6929806008_R02C02","kurushima",63.7,58.3055077678847,4.08270218141887,"pca_linear_without_quinn"
"kurushima_GSM3440384_6929793026_R03C01","kurushima",60.3,49.6065364095707,3.92408074600541,"pca_linear_without_quinn"
"kurushima_GSM3440396_6929806054_R05C02","kurushima",59.5,64.1048799617467,4.17599950741502,"pca_linear_without_quinn"
"kurushima_GSM3440397_6929793033_R06C01","kurushima",43.6,44.6377931556329,3.82073617053018,"pca_linear_without_quinn"
"kurushima_GSM3440400_6057825005_R05C02","kurushima",64.11,70.8778050466879,4.27496752509252,"pca_linear_without_quinn"
"kurushima_GSM3440402_6929793109_R03C01","kurushima",47.3,46.0034001236971,3.85021994215081,"pca_linear_without_quinn"
"kurushima_GSM3440409_6929793057_R03C01","kurushima",51.6,56.4775766405484,4.05139490027593,"pca_linear_without_quinn"
"kurushima_GSM3440410_6929793004_R06C02","kurushima",59.2,57.3439410532206,4.06635551534995,"pca_linear_without_quinn"
"kurushima_GSM3440417_6042308041_R02C01","kurushima",60.9,57.7189695303608,4.0727628352824,"pca_linear_without_quinn"
"kurushima_GSM3440418_6929806054_R02C02","kurushima",53.1,46.9806902253678,3.87079864299728,"pca_linear_without_quinn"
"kurushima_GSM3440419_6929806054_R03C02","kurushima",53.1,45.6357750100014,3.84236795067484,"pca_linear_without_quinn"
"kurushima_GSM3440420_6929806010_R03C02","kurushima",67.9,67.9038339470852,4.23271182156706,"pca_linear_without_quinn"
"kurushima_GSM3440424_6929793167_R05C01","kurushima",71.9,65.5375477014623,4.19776641540957,"pca_linear_without_quinn"
"kurushima_GSM3440425_6929793167_R06C01","kurushima",71.9,62.3377427258581,4.14848140305611,"pca_linear_without_quinn"
"kurushima_GSM3440426_6929806039_R03C01","kurushima",64,58.4943670016758,4.08588163582914,"pca_linear_without_quinn"
"kurushima_GSM3440429_6042308005_R01C02","kurushima",32.11,32.3655100806482,3.50752273413466,"pca_linear_without_quinn"
"kurushima_GSM3440430_6042308005_R03C02","kurushima",32.11,32.0664515214994,3.49851921919528,"pca_linear_without_quinn"
"kurushima_GSM3440432_6929793109_R01C01","kurushima",62.2,63.7794043172922,4.17098771822842,"pca_linear_without_quinn"
"kurushima_GSM3440436_6057825033_R01C01","kurushima",50.3,48.9323902533868,3.91066989545535,"pca_linear_without_quinn"
"kurushima_GSM3440448_6055432139_R05C01","kurushima",59.29,61.3603074325479,4.13292897414131,"pca_linear_without_quinn"
"kurushima_GSM3440452_6057825042_R02C01","kurushima",65.69,57.6786222983127,4.07207547478363,"pca_linear_without_quinn"
"kurushima_GSM3440456_6929793118_R03C02","kurushima",40.2,39.8077119710442,3.70887108244644,"pca_linear_without_quinn"
"kurushima_GSM3440463_6929806023_R06C02","kurushima",49.4,49.6859717583564,3.9256491811544,"pca_linear_without_quinn"
"kurushima_GSM3440478_6042316021_R05C02","kurushima",63.64,62.5579995947429,4.15195286846624,"pca_linear_without_quinn"
"kurushima_GSM3440489_6929742055_R02C02","kurushima",41.9,39.8848654761797,3.71075995731086,"pca_linear_without_quinn"
"kurushima_GSM3440497_6042316098_R03C02","kurushima",62.7,60.9832443275253,4.12686409573838,"pca_linear_without_quinn"
"kurushima_GSM3440498_6057825025_R04C02","kurushima",65.52,58.5248534672542,4.086393930669,"pca_linear_without_quinn"
"kurushima_GSM3440503_6929806023_R02C01","kurushima",58.8,61.683298564029,4.13809504156628,"pca_linear_without_quinn"
"kurushima_GSM3440508_6929742023_R05C01","kurushima",51.1,52.5560321188692,3.9807284351599,"pca_linear_without_quinn"
"kurushima_GSM3440513_6057825006_R02C02","kurushima",76.56,71.8141858006666,4.28791079611918,"pca_linear_without_quinn"
"kurushima_GSM3440514_6042316073_R03C02","kurushima",69.44,68.2444152601771,4.23764249575296,"pca_linear_without_quinn"
"kurushima_GSM3440520_6929806014_R02C01","kurushima",59.6,55.4758387635088,4.03381291418727,"pca_linear_without_quinn"
"kurushima_GSM3440523_6057825046_R06C01","kurushima",68.13,67.9104991730128,4.23280854918286,"pca_linear_without_quinn"
"kurushima_GSM3440533_6929806010_R02C02","kurushima",72,77.834283763466,4.36734797538739,"pca_linear_without_quinn"
"kurushima_GSM3440538_6929793024_R04C01","kurushima",67.1,71.9245301937456,4.28942507341209,"pca_linear_without_quinn"
"kurushima_GSM3440545_6929742023_R03C02","kurushima",78.7,86.2347477589731,4.46860273501594,"pca_linear_without_quinn"
"kurushima_GSM3440547_6929793111_R02C01","kurushima",57.4,60.804667600668,4.12397888913048,"pca_linear_without_quinn"
"kurushima_GSM3440548_6929793111_R03C01","kurushima",57.4,57.4779446759252,4.06864966906338,"pca_linear_without_quinn"
"kurushima_GSM3440552_6042308108_R04C01","kurushima",48.99,49.1946731618103,3.91590890875284,"pca_linear_without_quinn"
"kurushima_GSM3440555_6055432139_R05C02","kurushima",68.42,75.1385705022294,4.3325549761817,"pca_linear_without_quinn"
"kurushima_GSM3440558_6929742080_R05C02","kurushima",42.6,40.5720124873818,3.72742716410576,"pca_linear_without_quinn"
"kurushima_GSM3440560_6055432102_R04C01","kurushima",70.42,75.1145024411916,4.33223881755484,"pca_linear_without_quinn"
"kurushima_GSM3440566_6057825036_R06C02","kurushima",71.21,66.0518593549885,4.20546634021551,"pca_linear_without_quinn"
"kurushima_GSM3440574_6929806013_R06C02","kurushima",72.5,72.5341994029952,4.29775059600118,"pca_linear_without_quinn"
"kurushima_GSM3440578_6057825036_R05C01","kurushima",64.18,59.3344603138682,4.09990342165865,"pca_linear_without_quinn"
"kurushima_GSM3440588_6929806011_R02C01","kurushima",43.7,42.3672629282936,3.76970484606314,"pca_linear_without_quinn"
"kurushima_GSM3440590_6929793026_R01C02","kurushima",54.7,47.5528980803571,3.8826538856511,"pca_linear_without_quinn"
"kurushima_GSM3440593_6929793103_R04C01","kurushima",57.2,54.4521785204271,4.01552100103954,"pca_linear_without_quinn"
"kurushima_GSM3440604_6929793124_R06C02","kurushima",41.5,44.661043676539,3.82124549840807,"pca_linear_without_quinn"
"kurushima_GSM3440606_6042308005_R04C02","kurushima",52.98,48.6238381673067,3.90447132648757,"pca_linear_without_quinn"
"kurushima_GSM3440624_6929806039_R06C01","kurushima",49.9,45.6593967057225,3.84287433692809,"pca_linear_without_quinn"
"kurushima_GSM3440625_6929793126_R04C02","kurushima",64.7,70.5853157146975,4.27088996514967,"pca_linear_without_quinn"
"kurushima_GSM3440627_6929793125_R02C01","kurushima",62.1,68.6584228016874,4.24360362330467,"pca_linear_without_quinn"
"kurushima_GSM3440630_6055432140_R06C02","kurushima",56.94,58.6074165920022,4.08778000579248,"pca_linear_without_quinn"
"kurushima_GSM3440635_6929793126_R01C02","kurushima",61.7,58.805981623877,4.09110568310934,"pca_linear_without_quinn"
"kurushima_GSM3440640_6055432155_R02C02","kurushima",49.4,55.2225227907501,4.02931743801749,"pca_linear_without_quinn"
"kurushima_GSM3440652_6929793026_R06C02","kurushima",48.9,48.9830961423913,3.91168487111501,"pca_linear_without_quinn"
"kurushima_GSM3440655_6055432140_R06C01","kurushima",43.76,43.1856533439991,3.78840015141715,"pca_linear_without_quinn"
"kurushima_GSM3440663_6929793109_R04C01","kurushima",37.6,34.625312893452,3.57305642152433,"pca_linear_without_quinn"
"kurushima_GSM3440665_6929806070_R04C01","kurushima",49.4,51.2619198836416,3.95626799657117,"pca_linear_without_quinn"
"kurushima_GSM3440669_6929793004_R04C01","kurushima",73.8,76.2045905726708,4.34645891863942,"pca_linear_without_quinn"
"kurushima_GSM3440670_6929793004_R05C01","kurushima",73.8,71.8849339777813,4.2888819506846,"pca_linear_without_quinn"
"kurushima_GSM3440671_6929793033_R04C01","kurushima",44,45.0732472742942,3.83023246212248,"pca_linear_without_quinn"
"kurushima_GSM3440674_6929793167_R02C01","kurushima",49.8,48.0945596869163,3.89374822798782,"pca_linear_without_quinn"
"kurushima_GSM3440678_6929793137_R06C01","kurushima",70.1,69.9696712103629,4.26225261972868,"pca_linear_without_quinn"
"kurushima_GSM3440685_6929793125_R06C01","kurushima",57.2,60.1512114913193,4.11334967373283,"pca_linear_without_quinn"
"kurushima_GSM3440692_6055432102_R01C01","kurushima",59.48,60.2668194604849,4.1152384151647,"pca_linear_without_quinn"
"kurushima_GSM3440696_6057825042_R01C02","kurushima",60.76,67.1980197018435,4.22241552779798,"pca_linear_without_quinn"
"kurushima_GSM3440724_6055432099_R03C02","kurushima",53.48,54.7563951152213,4.0209921143484,"pca_linear_without_quinn"
"kurushima_GSM3440725_6929793103_R02C02","kurushima",57.3,57.8767890580129,4.07544693927214,"pca_linear_without_quinn"
"kurushima_GSM3440729_6055432092_R02C02","kurushima",51.2,51.5915089572352,3.96255468004444,"pca_linear_without_quinn"
"kurushima_GSM3440731_6057825036_R01C01","kurushima",59.46,63.9531215813601,4.17366580326055,"pca_linear_without_quinn"
"kurushima_GSM3440732_6929806070_R01C01","kurushima",69.2,68.8977328990083,4.24703321522321,"pca_linear_without_quinn"
"kurushima_GSM3440745_6929806011_R03C02","kurushima",72.9,80.8255748171003,4.40458984531949,"pca_linear_without_quinn"
"kurushima_GSM3440750_6042308041_R01C01","kurushima",52.1,50.4829707859325,3.94125108863735,"pca_linear_without_quinn"
"kurushima_GSM3440773_6929806010_R04C01","kurushima",65.1,64.4125548718724,4.1807142105571,"pca_linear_without_quinn"
"kurushima_GSM3440779_6055432092_R03C01","kurushima",51.73,46.5063209448263,3.86086277470989,"pca_linear_without_quinn"
"kurushima_GSM3440781_6055432099_R02C01","kurushima",43.72,44.7585308401085,3.82337824078928,"pca_linear_without_quinn"
"kurushima_GSM3440782_6929793109_R06C01","kurushima",67.2,66.2818514123383,4.20889053330538,"pca_linear_without_quinn"
"kurushima_GSM3440784_6057825006_R04C02","kurushima",45.85,44.3705335875946,3.81486285440889,"pca_linear_without_quinn"
"kurushima_GSM3440789_6057825019_R03C01","kurushima",67.1,66.7640707440387,4.21603212445488,"pca_linear_without_quinn"
"mahdi_GSM7866966_207700460080_R08C01","mahdi",60.42,58.3265219460299,4.08305645637169,"pca_linear_without_quinn"
"mahdi_GSM7866969_207700470041_R01C01","mahdi",47.42,42.7077086248104,3.7775244852822,"pca_linear_without_quinn"
"mahdi_GSM7866970_207700470049_R03C01","mahdi",78.14,78.6128912595156,4.3771760302342,"pca_linear_without_quinn"
"mahdi_GSM7866972_207705770040_R06C01","mahdi",24.15,23.9260617086025,3.21591391107321,"pca_linear_without_quinn"
"mahdi_GSM7866979_207705770089_R06C01","mahdi",54.62,52.4706612315603,3.97913311528703,"pca_linear_without_quinn"
"mahdi_GSM7866987_207700470010_R04C01","mahdi",19.77,21.3875880311445,3.10850669953519,"pca_linear_without_quinn"
"mahdi_GSM7866991_207700460090_R05C01","mahdi",73.75,78.9711231164131,4.38166560846693,"pca_linear_without_quinn"
"mahdi_GSM7867002_207686140117_R01C01","mahdi",49.34,43.0997066888693,3.78645313138463,"pca_linear_without_quinn"
"mahdi_GSM7867008_207700470024_R03C01","mahdi",26.96,27.6831884622612,3.35631118327109,"pca_linear_without_quinn"
"mahdi_GSM7867011_207686140102_R03C01","mahdi",55.38,57.6432809928245,4.0714730074597,"pca_linear_without_quinn"
"mahdi_GSM7867012_207700460010_R01C01","mahdi",30.4,29.0076187175662,3.40145130667268,"pca_linear_without_quinn"
"mahdi_GSM7867013_207705770049_R06C01","mahdi",19.6,19.3124568368129,3.0112343351308,"pca_linear_without_quinn"
"mahdi_GSM7867024_207805820117_R08C01","mahdi",23.31,23.6566513396322,3.2050466953132,"pca_linear_without_quinn"
"mahdi_GSM7867025_207686140125_R07C01","mahdi",54.84,54.5017372956003,4.0164143228859,"pca_linear_without_quinn"
"mahdi_GSM7867031_207686150009_R05C01","mahdi",74.85,79.5139094226056,4.38842995735687,"pca_linear_without_quinn"
"mahdi_GSM7867044_207686140165_R01C01","mahdi",32.36,34.1240564564385,3.55888626484296,"pca_linear_without_quinn"
"mahdi_GSM7867049_207705770129_R02C01","mahdi",43.87,42.4232326875051,3.7709946132565,"pca_linear_without_quinn"
"mahdi_GSM7867054_207700460084_R06C01","mahdi",52.91,50.7246964523549,3.94593535512439,"pca_linear_without_quinn"
"mahdi_GSM7867055_207700460010_R04C01","mahdi",67.47,67.8185281513299,4.23147301320849,"pca_linear_without_quinn"
"mahdi_GSM7867059_207686150009_R06C01","mahdi",60.8,60.3834321303422,4.11713996373037,"pca_linear_without_quinn"
"mahdi_GSM7867071_207700460090_R06C01","mahdi",63.62,58.2718213543291,4.08213400511213,"pca_linear_without_quinn"
"mahdi_GSM7867074_207705770091_R08C01","mahdi",24.93,24.2735588586424,3.22975874482958,"pca_linear_without_quinn"
"mahdi_GSM7867077_207686140044_R03C01","mahdi",34.03,29.6527691106704,3.42272300448952,"pca_linear_without_quinn"
"mahdi_GSM7867080_207700460103_R04C01","mahdi",64.22,63.1688396544225,4.16151772923058,"pca_linear_without_quinn"
"mahdi_GSM7867082_207700460044_R06C01","mahdi",66.99,57.7142034180827,4.07268166380144,"pca_linear_without_quinn"
"mahdi_GSM7867088_207700460034_R01C01","mahdi",75.4,73.7046812229907,4.31354275714972,"pca_linear_without_quinn"
"mahdi_GSM7867090_207805820140_R07C01","mahdi",19.81,19.1402467841351,3.00272014064807,"pca_linear_without_quinn"
"mahdi_GSM7867101_207700460136_R03C01","mahdi",54.79,48.8252148544733,3.90852117827166,"pca_linear_without_quinn"
"mahdi_GSM7867103_207700460134_R02C01","mahdi",27.56,27.1559329073913,3.33775809285454,"pca_linear_without_quinn"
"mahdi_GSM7867115_207686150081_R01C01","mahdi",71.15,72.442592510294,4.29650404675526,"pca_linear_without_quinn"
"mahdi_GSM7867119_207700470022_R03C01","mahdi",69.42,68.089320915175,4.23540017346376,"pca_linear_without_quinn"
"mahdi_GSM7867126_207805820171_R07C01","mahdi",67.49,70.9858590474058,4.27646969760727,"pca_linear_without_quinn"
"mahdi_GSM7867132_207700460101_R03C01","mahdi",67.64,72.07534892038,4.2914910858115,"pca_linear_without_quinn"
"mahdi_GSM7867134_207686150081_R03C01","mahdi",50.12,51.1183359577534,3.95351682461253,"pca_linear_without_quinn"
"mahdi_GSM7867144_207705770040_R05C01","mahdi",65.51,65.6276026630357,4.19911894608378,"pca_linear_without_quinn"
"mahdi_GSM7867146_207700470036_R01C01","mahdi",42.22,39.9123529832361,3.71143204637718,"pca_linear_without_quinn"
"mahdi_GSM7867149_207805820127_R06C01","mahdi",40.14,40.0675421232054,3.71521808013928,"pca_linear_without_quinn"
"mahdi_GSM7867152_207700470029_R02C01","mahdi",82.67,87.474896868552,4.48271886057447,"pca_linear_without_quinn"
"mahdi_GSM7867157_207700470049_R04C01","mahdi",70.01,63.1608472492517,4.16139316872749,"pca_linear_without_quinn"
"mahdi_GSM7867159_207686150104_R04C01","mahdi",49.88,55.2941586616711,4.0305907759737,"pca_linear_without_quinn"
"mahdi_GSM7867160_207805820161_R06C01","mahdi",59.96,59.9316030315499,4.10975197331116,"pca_linear_without_quinn"
"mahdi_GSM7867169_207700460028_R02C01","mahdi",27.83,28.0159736317358,3.36784649323108,"pca_linear_without_quinn"
"mahdi_GSM7867170_207805820117_R02C01","mahdi",57.58,55.7631207293567,4.0388868319178,"pca_linear_without_quinn"
"mahdi_GSM7867171_207700470004_R04C01","mahdi",49.39,51.2006231158692,3.95509443190296,"pca_linear_without_quinn"
"mahdi_GSM7867173_207686150008_R06C01","mahdi",67.14,63.5478731203581,4.16740716741376,"pca_linear_without_quinn"
"mahdi_GSM7867175_207705770050_R04C01","mahdi",45.98,46.5310572768582,3.86138333478959,"pca_linear_without_quinn"
"mahdi_GSM7867178_207700460134_R05C01","mahdi",31.91,32.1792605041803,3.50192499711732,"pca_linear_without_quinn"
"mahdi_GSM7867182_207705770099_R03C01","mahdi",34.86,34.0737239737785,3.55745224539172,"pca_linear_without_quinn"
"mahdi_GSM7867185_207700470042_R06C01","mahdi",77.46,78.9252206964254,4.38109145623612,"pca_linear_without_quinn"
"mahdi_GSM7867186_207705770040_R07C01","mahdi",73.47,71.1789208710991,4.27914804857779,"pca_linear_without_quinn"
"mahdi_GSM7867188_207805820146_R06C01","mahdi",26.79,28.0786676551466,3.37000483508017,"pca_linear_without_quinn"
"mahdi_GSM7867197_207700470029_R04C01","mahdi",69.47,71.6998870614265,4.28633983105032,"pca_linear_without_quinn"
"mahdi_GSM7867200_207700460020_R06C01","mahdi",53.48,52.5956676514328,3.9814682374114,"pca_linear_without_quinn"
"mahdi_GSM7867201_207805820161_R03C01","mahdi",42.83,41.0959773111855,3.73995218531987,"pca_linear_without_quinn"
"mahdi_GSM7867216_207700460142_R07C01","mahdi",40,35.6736165902868,3.60205760253469,"pca_linear_without_quinn"
"mahdi_GSM7867222_207700460069_R04C01","mahdi",57.82,62.9126385350582,4.15751712797753,"pca_linear_without_quinn"
"mahdi_GSM7867224_207700460068_R04C01","mahdi",69.88,69.6233143633535,4.25736032176023,"pca_linear_without_quinn"
"mahdi_GSM7867240_207805820127_R07C01","mahdi",65.3,67.7329194541932,4.23022826137664,"pca_linear_without_quinn"
"mahdi_GSM7867244_207700460080_R07C01","mahdi",73.23,82.1051502980704,4.42010667705366,"pca_linear_without_quinn"
"mahdi_GSM7867245_207700460044_R03C01","mahdi",33.2,34.4489572639133,3.56809383826946,"pca_linear_without_quinn"
"mahdi_GSM7867255_207686140044_R08C01","mahdi",86.23,88.1532857326344,4.49035719985695,"pca_linear_without_quinn"
"mahdi_GSM7867263_207700470049_R05C01","mahdi",41.27,44.352794476117,3.81447179486374,"pca_linear_without_quinn"
"mahdi_GSM7867267_207686150008_R05C01","mahdi",79.55,86.4376575335714,4.47092605409466,"pca_linear_without_quinn"
"mahdi_GSM7867273_207700470047_R03C01","mahdi",30.04,27.5441801754942,3.35145306857969,"pca_linear_without_quinn"
"mahdi_GSM7867291_207705770129_R08C01","mahdi",30.84,28.1026875788115,3.37083052657302,"pca_linear_without_quinn"
"mahdi_GSM7867292_207686140125_R04C01","mahdi",40.15,35.9015281579675,3.60825296368402,"pca_linear_without_quinn"
"mahdi_GSM7867296_207700460090_R08C01","mahdi",46.35,44.2173155765606,3.81148010145573,"pca_linear_without_quinn"
"mahdi_GSM7867297_207686150104_R08C01","mahdi",49.81,52.8659171130675,3.98649794234189,"pca_linear_without_quinn"
"mahdi_GSM7867298_207700460019_R08C01","mahdi",58.55,57.4031604542804,4.0673700057377,"pca_linear_without_quinn"
"mahdi_GSM7867305_207686140044_R02C01","mahdi",55.84,48.9312402103243,3.91064686318509,"pca_linear_without_quinn"
"mahdi_GSM7867313_207700460068_R07C01","mahdi",26.6,26.5408647467725,3.31567089247249,"pca_linear_without_quinn"
"mahdi_GSM7867317_207705770135_R08C01","mahdi",37.82,36.339246371863,3.62004495504603,"pca_linear_without_quinn"
"mahdi_GSM7867319_207686140115_R04C01","mahdi",57.79,58.1802968760933,4.08058866345312,"pca_linear_without_quinn"
"mahdi_GSM7867322_207700460134_R04C01","mahdi",54.81,52.8780738547997,3.98672360210583,"pca_linear_without_quinn"
"mahdi_GSM7867331_207700460115_R01C01","mahdi",46.94,41.3008494403622,3.74480716718304,"pca_linear_without_quinn"
"mahdi_GSM7867339_207700470047_R05C01","mahdi",24.3,24.4817708740737,3.23796332884125,"pca_linear_without_quinn"
"mahdi_GSM7867346_207700460103_R02C01","mahdi",44.32,46.7665412685175,3.86632542093963,"pca_linear_without_quinn"
"mahdi_GSM7867349_207705770049_R01C01","mahdi",29.14,29.1163741601135,3.40506901587515,"pca_linear_without_quinn"
"mahdi_GSM7867358_207700460066_R06C01","mahdi",74.6,77.8194436373725,4.36715971309405,"pca_linear_without_quinn"
"mahdi_GSM7867363_207700460142_R04C01","mahdi",76.83,92.6644517370992,4.53971873345116,"pca_linear_without_quinn"
"mahdi_GSM7867366_207686150081_R05C01","mahdi",75.78,77.7333668075088,4.36606704025394,"pca_linear_without_quinn"
"mahdi_GSM7867370_207700460035_R02C01","mahdi",58.91,60.1893067309891,4.11397244763398,"pca_linear_without_quinn"
"mahdi_GSM7867384_207700460135_R04C01","mahdi",74.3,74.9306235475133,4.32982007532778,"pca_linear_without_quinn"
"mahdi_GSM7867400_207700470022_R04C01","mahdi",77.47,80.8274658673986,4.40461295580116,"pca_linear_without_quinn"
"mahdi_GSM7867412_207700460063_R08C01","mahdi",51.93,51.3746198170274,3.95842211935252,"pca_linear_without_quinn"
"mahdi_GSM7867413_207686140076_R04C01","mahdi",78.64,82.1176774655841,4.42025740445622,"pca_linear_without_quinn"
"mahdi_GSM7867414_207686140076_R01C01","mahdi",19.65,21.1466040697661,3.09768416960247,"pca_linear_without_quinn"
"mahdi_GSM7867417_207700470049_R02C01","mahdi",61.01,58.128557624119,4.07971401623434,"pca_linear_without_quinn"
"mahdi_GSM7867420_207686140115_R01C01","mahdi",71.14,68.6917540211185,4.24408200404055,"pca_linear_without_quinn"
"mahdi_GSM7867424_207700460136_R07C01","mahdi",44.48,43.4585907687992,3.7945582114255,"pca_linear_without_quinn"
"mahdi_GSM7867439_207700460080_R03C01","mahdi",28.39,28.6259807901412,3.38865170574748,"pca_linear_without_quinn"
"mahdi_GSM7867446_207700460028_R04C01","mahdi",72.99,74.5973547775526,4.32542129285842,"pca_linear_without_quinn"
"mahdi_GSM7867451_207700470047_R06C01","mahdi",60.04,52.027082102753,3.97080276611554,"pca_linear_without_quinn"
"mahdi_GSM7867457_207686140044_R05C01","mahdi",45.27,42.6249822150801,3.77562997284526,"pca_linear_without_quinn"
"mahdi_GSM7867461_207700460101_R06C01","mahdi",47.79,54.4877517861543,4.01616230785933,"pca_linear_without_quinn"
"quinn_GSM7026368_203845450033_R01C01","quinn",1.016438356,5.83846588191383,1.92256342020862,"pca_linear_without_quinn"
"quinn_GSM7026369_203845450033_R02C01","quinn",3,10.0464139259926,2.40210584370761,"pca_linear_without_quinn"
"quinn_GSM7026373_203845450033_R08C01","quinn",0,6.35015720922981,1.99472170200686,"pca_linear_without_quinn"
"quinn_GSM7026377_203845450024_R06C01","quinn",0,4.2692312159738,1.66188447258999,"pca_linear_without_quinn"
"quinn_GSM7026381_203845450037_R03C01","quinn",2.01369863,7.81993099261988,2.17701404602209,"pca_linear_without_quinn"
"quinn_GSM7026383_203845450037_R06C01","quinn",0.491803279,5.48036404355484,1.8687766883471,"pca_linear_without_quinn"
"quinn_GSM7026393_203841950132_R07C01","quinn",0,4.23073936209681,1.65455263751089,"pca_linear_without_quinn"
"quinn_GSM7026402_203841950147_R04C01","quinn",2.847278988,8.74691001848952,2.27695031359906,"pca_linear_without_quinn"
"quinn_GSM7026403_203841950147_R05C01","quinn",2.057534247,8.77584895282176,2.27991495149377,"pca_linear_without_quinn"
"quinn_GSM7026412_203841950117_R07C01","quinn",0,4.02392678820952,1.61421185664919,"pca_linear_without_quinn"
"quinn_GSM7026421_203845450043_R04C01","quinn",0,4.58444638335387,1.71998530197743,"pca_linear_without_quinn"
"quinn_GSM7026444_203968030074_R06C01","quinn",0,4.80339710556084,1.75844345394779,"pca_linear_without_quinn"
"quinn_GSM7026453_203968030067_R01C01","quinn",0.844479377,7.00250411405511,2.07975450695798,"pca_linear_without_quinn"
"quinn_GSM7026454_203968030067_R02C01","quinn",0,4.41612962761202,1.68938146952075,"pca_linear_without_quinn"
"quinn_GSM7026456_203968030067_R04C01","quinn",0,4.12642996497497,1.6344095036624,"pca_linear_without_quinn"
"quinn_GSM7026466_203845450078_R02C01","quinn",0.501369863,5.40935355713768,1.85775841672648,"pca_linear_without_quinn"
"quinn_GSM7026472_203968030103_R05C01","quinn",1.065753425,7.50898383269163,2.14112252684113,"pca_linear_without_quinn"
"quinn_GSM7026473_203845450083_R01C01","quinn",2.035616438,8.52564703975017,2.25398784938801,"pca_linear_without_quinn"
"quinn_GSM7026475_203845450083_R04C01","quinn",2.874601392,10.0268603047202,2.40033414222075,"pca_linear_without_quinn"
"quinn_GSM7026480_203960330106_R03C01","quinn",2.035616438,8.30757961794309,2.23082908089877,"pca_linear_without_quinn"
"quinn_GSM7026481_203960330106_R04C01","quinn",1.224657534,7.47673630942295,2.13732550655084,"pca_linear_without_quinn"
"quinn_GSM7026487_203960330138_R06C01","quinn",0,4.17279493214066,1.64341314827556,"pca_linear_without_quinn"
"quinn_GSM7026495_203960330108_R01C01","quinn",3.035616438,10.4162392024834,2.43503683322091,"pca_linear_without_quinn"
"quinn_GSM7026498_203960330108_R07C01","quinn",0,4.1551852586046,1.64000305447684,"pca_linear_without_quinn"
"quinn_GSM7026500_203841950174_R02C01","quinn",0,4.17969673385582,1.64474650896985,"pca_linear_without_quinn"
"quinn_GSM7026502_203841950174_R04C01","quinn",1.980821918,8.70976367874966,2.27313194408221,"pca_linear_without_quinn"
"quinn_GSM7026508_203841950080_R04C01","quinn",2.005479452,8.38623324814299,2.23924406770728,"pca_linear_without_quinn"
"quinn_GSM7026510_203841950080_R07C01","quinn",0.501369863,5.33626394196966,1.84628931115231,"pca_linear_without_quinn"
"quinn_GSM7026512_203841950149_R01C01","quinn",2,9.03349158068181,2.30592865512332,"pca_linear_without_quinn"
"quinn_GSM7026515_203841950149_R05C01","quinn",0,4.78887357184094,1.75593772548042,"pca_linear_without_quinn"
"quinn_GSM7026524_203998250028_R01C01","quinn",2.008219178,10.3916867377237,2.43288385584733,"pca_linear_without_quinn"
"quinn_GSM7026525_203998250028_R07C01","quinn",0,4.52371842230904,1.70905126073392,"pca_linear_without_quinn"
"xu_GSM5310261_3999979017_R05C01","xu",45.6,47.4321134705322,3.88016309516009,"pca_linear_without_quinn"
"xu_GSM5310280_3999979115_R06C02","xu",72.9,69.8424908537109,4.26045897398071,"pca_linear_without_quinn"
"xu_GSM5310281_3999979116_R06C01","xu",71.9,70.7870354064947,4.27370389438113,"pca_linear_without_quinn"
"xu_GSM5310286_3999979130_R06C02","xu",61.4,57.4689981436009,4.06849666750343,"pca_linear_without_quinn"
"xu_GSM5310292_3999984009_R04C02","xu",70.2,69.2505208895106,4.25206772298367,"pca_linear_without_quinn"
"xu_GSM5310298_3999984043_R03C02","xu",70.3,67.8644271313871,4.23213974761527,"pca_linear_without_quinn"
"xu_GSM5310299_3999984046_R06C01","xu",48.6,51.9164002520893,3.96871331448583,"pca_linear_without_quinn"
"xu_GSM5310300_3999984047_R03C01","xu",67.9,68.5425161853805,4.2419383092064,"pca_linear_without_quinn"
"xu_GSM5310310_3999984092_R06C01","xu",66.1,70.3571184189804,4.26769710655649,"pca_linear_without_quinn"
"xu_GSM5310311_3999984136_R06C02","xu",50.6,50.9448893762209,3.95018333688736,"pca_linear_without_quinn"
"xu_GSM5310313_3999997002_R02C01","xu",70.8,75.2772217588243,4.33437435844891,"pca_linear_without_quinn"
"xu_GSM5310319_3999997024_R06C02","xu",46.6,45.3094262390421,3.83534553084653,"pca_linear_without_quinn"
"xu_GSM5310325_3999997057_R05C01","xu",68.8,71.0694913957207,4.27763081182418,"pca_linear_without_quinn"
"xu_GSM5310329_3999997067_R04C02","xu",49.2,47.7526921270904,3.88676041903892,"pca_linear_without_quinn"
"xu_GSM5310345_9993943007_R03C01","xu",61.3,61.2518856724863,4.13118882681352,"pca_linear_without_quinn"
"xu_GSM5310352_9993943067_R04C02","xu",41.4,42.7101438486713,3.77758019984833,"pca_linear_without_quinn"
"xu_GSM5310361_9994014021_R02C01","xu",52.2,46.9599449668993,3.87036618267949,"pca_linear_without_quinn"
"xu_GSM5310363_9994014030_R06C02","xu",62.2,61.4205820142858,4.13389506096267,"pca_linear_without_quinn"
"xu_GSM5310373_9994014111_R05C02","xu",46.6,45.7969349494253,3.84581770824522,"pca_linear_without_quinn"
"xu_GSM5310375_9994014114_R02C01","xu",73.4,77.2092389117518,4.35938778522429,"pca_linear_without_quinn"
"xu_GSM5310378_9994014117_R06C01","xu",50.1,52.0537153546786,3.97130489756861,"pca_linear_without_quinn"
"xu_GSM5310380_9994014120_R05C01","xu",66.1,67.6508228912357,4.22903311890449,"pca_linear_without_quinn"
"xu_GSM5310385_9994014134_R06C01","xu",69.7,76.1987795803419,4.34638364836098,"pca_linear_without_quinn"
"xu_GSM5310391_9994014147_R04C01","xu",57.1,56.461794051244,4.05112027567501,"pca_linear_without_quinn"
"xu_GSM5310398_9994014162_R06C01","xu",72.4,77.5702508596146,4.36399313999942,"pca_linear_without_quinn"
"xu_GSM5310406_9994014184_R02C02","xu",51.9,57.274309827578,4.06516134148108,"pca_linear_without_quinn"
"xu_GSM5310407_9994014185_R01C01","xu",64.2,65.0011863749207,4.18967271724246,"pca_linear_without_quinn"
"xu_GSM5310414_9994014204_R06C01","xu",49.3,48.6251170055899,3.90449709679984,"pca_linear_without_quinn"
"xu_GSM5310421_9996247008_R06C01","xu",67.7,71.6709040971466,4.28594108568431,"pca_linear_without_quinn"
"xu_GSM5310426_9996247015_R02C02","xu",70.9,75.8909844341319,4.3423886321112,"pca_linear_without_quinn"
"xu_GSM5310429_9996247020_R05C01","xu",75.1,65.7963012425764,4.20164770838948,"pca_linear_without_quinn"
"xu_GSM5310430_9996247021_R02C01","xu",59.3,61.8068164238519,4.140063609365,"pca_linear_without_quinn"
"xu_GSM5310434_9996247033_R06C01","xu",42.4,44.0481100852802,3.80773103168224,"pca_linear_without_quinn"
"xu_GSM5310436_9996247036_R03C02","xu",67.5,66.8188580656939,4.21684029883374,"pca_linear_without_quinn"
"xu_GSM5310440_9996247042_R01C01","xu",64.5,67.220351110126,4.22274292371027,"pca_linear_without_quinn"
"xu_GSM5310444_9996247057_R06C01","xu",47.7,46.4285373612271,3.85922410157354,"pca_linear_without_quinn"
"xu_GSM5310460_9996247090_R02C01","xu",73.4,76.5363409997015,4.35074674257767,"pca_linear_without_quinn"
"xu_GSM5310463_9996247095_R01C02","xu",36.6,35.8674838831705,3.60732996698739,"pca_linear_without_quinn"
"xu_GSM5310465_9996247097_R02C01","xu",45.4,43.9368435260855,3.80525802677563,"pca_linear_without_quinn"
"xu_GSM5310468_9996247102_R02C01","xu",46.5,45.0862512930921,3.83051466892886,"pca_linear_without_quinn"
"xu_GSM5310470_9996247107_R02C01","xu",49.3,47.4961012169022,3.88148340743184,"pca_linear_without_quinn"
"xu_GSM5310478_9996247134_R06C01","xu",60.8,61.1095275121541,4.12889939926735,"pca_linear_without_quinn"
"xu_GSM5310480_9996247139_R01C02","xu",39.1,37.050246015243,3.6389075498648,"pca_linear_without_quinn"
"xu_GSM5310484_9996247145_R05C01","xu",47.7,44.60894158816,3.82010378475736,"pca_linear_without_quinn"
"xu_GSM5310492_9996247163_R03C02","xu",64,68.113174521278,4.23574537137447,"pca_linear_without_quinn"
"xu_GSM5310497_9996247174_R01C01","xu",38.2,36.1402187766852,3.61470044650186,"pca_linear_without_quinn"
"xu_GSM5310512_9996247198_R05C02","xu",70.8,77.1048678866378,4.35805238379749,"pca_linear_without_quinn"
"xu_GSM5310513_9996247199_R04C01","xu",41.3,39.6450621848215,3.70487735714746,"pca_linear_without_quinn"
