"sample_id","cohort","actual_age","predicted_age","predicted_log_age","model"
"fraga_205837540003_R04C01","fraga",79,56.7662411963416,4.05609025112004,"m_value_ridge_calibrated"
"fraga_205837540006_R06C01","fraga",36,31.3618574804076,3.47644019878202,"m_value_ridge_calibrated"
"fraga_205837540012_R03C01","fraga",54,58.2139094770938,4.08086554931531,"m_value_ridge_calibrated"
"fraga_205837540012_R05C01","fraga",59,59.6157197314039,4.10428654490113,"m_value_ridge_calibrated"
"fraga_205837540014_R01C01","fraga",26,28.288500996543,3.37667500582951,"m_value_ridge_calibrated"
"fraga_205837540025_R05C01","fraga",70,74.010617307515,4.31762561438243,"m_value_ridge_calibrated"
"fraga_205837540027_R03C01","fraga",45,41.9484429044364,3.75949597495619,"m_value_ridge_calibrated"
"fraga_205837540064_R01C01","fraga",40,43.0199940954815,3.78414924289735,"m_value_ridge_calibrated"
"fraga_205837540064_R07C01","fraga",27,27.4197492535605,3.34657385313348,"m_value_ridge_calibrated"
"fraga_205837540066_R01C01","fraga",37,35.0082447260831,3.58320492277776,"m_value_ridge_calibrated"
"fraga_205837540066_R02C01","fraga",34,34.9585713219124,3.58182437949883,"m_value_ridge_calibrated"
"fraga_205837540066_R04C01","fraga",80,78.3851297118,4.37439399030635,"m_value_ridge_calibrated"
"johansson_GSM2333901_9370847096_R05C02","johansson",72,73.2310103111936,4.30716271231968,"m_value_ridge_calibrated"
"johansson_GSM2333903_7766148053_R06C02","johansson",23,22.1839747240606,3.14305758142458,"m_value_ridge_calibrated"
"johansson_GSM2333909_9379082138_R01C01","johansson",33,33.7434231497919,3.54744600811208,"m_value_ridge_calibrated"
"johansson_GSM2333922_7766148025_R06C02","johansson",68,59.5857130979127,4.10379088935556,"m_value_ridge_calibrated"
"johansson_GSM2333927_9370847011_R02C01","johansson",74,73.8861327908236,4.31596224003511,"m_value_ridge_calibrated"
"johansson_GSM2333932_7766148030_R01C02","johansson",45,43.6803218079928,3.79904487154729,"m_value_ridge_calibrated"
"johansson_GSM2333944_7512551037_R01C01","johansson",62,62.0650668532901,4.14394108201844,"m_value_ridge_calibrated"
"johansson_GSM2333945_9370847125_R01C01","johansson",57,50.2143388139937,3.93560844825214,"m_value_ridge_calibrated"
"johansson_GSM2333946_9370847125_R05C02","johansson",50,51.4289238696194,3.95906401748127,"m_value_ridge_calibrated"
"johansson_GSM2333956_7766148026_R05C01","johansson",28,27.81596814746,3.36041465800829,"m_value_ridge_calibrated"
"johansson_GSM2333959_7766148077_R01C02","johansson",25,24.1743973100562,3.22537161829886,"m_value_ridge_calibrated"
"johansson_GSM2333961_7766148003_R06C02","johansson",22,19.806334818246,3.03494154561018,"m_value_ridge_calibrated"
"johansson_GSM2333965_7766148116_R02C01","johansson",21,18.7218374665667,2.98146233895214,"m_value_ridge_calibrated"
"johansson_GSM2333967_9370847096_R03C02","johansson",62,59.8730487811887,4.10852713051546,"m_value_ridge_calibrated"
"johansson_GSM2333975_7766148114_R06C01","johansson",23,21.4422393599827,3.11056519848104,"m_value_ridge_calibrated"
"johansson_GSM2333982_7766148112_R05C01","johansson",19,19.8644682849293,3.03772913253185,"m_value_ridge_calibrated"
"johansson_GSM2333987_9370847011_R04C02","johansson",18,19.2485444619505,3.00779253429963,"m_value_ridge_calibrated"
"johansson_GSM2333992_7766148030_R02C02","johansson",35,36.821617671638,3.63234316909585,"m_value_ridge_calibrated"
"johansson_GSM2333998_9370847011_R05C01","johansson",32,31.6814972924042,3.48626772331448,"m_value_ridge_calibrated"
"johansson_GSM2334003_7766148112_R04C01","johansson",46,43.4152353003994,3.7930916402154,"m_value_ridge_calibrated"
"johansson_GSM2334006_7766148120_R03C01","johansson",70,66.9867497980807,4.21917508928752,"m_value_ridge_calibrated"
"johansson_GSM2334008_9370847081_R04C01","johansson",41,43.5131783743899,3.79529533688983,"m_value_ridge_calibrated"
"johansson_GSM2334031_7766148077_R05C02","johansson",48,51.3899314645014,3.9583194757001,"m_value_ridge_calibrated"
"johansson_GSM2334034_7766148116_R03C02","johansson",31,28.5617411607372,3.38595840174421,"m_value_ridge_calibrated"
"johansson_GSM2334051_9370847091_R06C02","johansson",64,69.1493841964858,4.25052956437388,"m_value_ridge_calibrated"
"johansson_GSM2334052_7766148077_R01C01","johansson",43,42.1862370319415,3.76501952269586,"m_value_ridge_calibrated"
"johansson_GSM2334053_7766148130_R02C01","johansson",39,39.6842428355885,3.70531883588066,"m_value_ridge_calibrated"
"johansson_GSM2334054_9370847092_R04C02","johansson",74,75.1712904850037,4.33300340181114,"m_value_ridge_calibrated"
"johansson_GSM2334055_7766148130_R03C01","johansson",44,42.5865114841444,3.77424900148369,"m_value_ridge_calibrated"
"johansson_GSM2334056_7766148057_R05C02","johansson",47,48.8487411741015,3.9085641597353,"m_value_ridge_calibrated"
"johansson_GSM2334058_7766148057_R06C02","johansson",19,19.5647332893668,3.0232724944826,"m_value_ridge_calibrated"
"johansson_GSM2334059_7766148130_R05C01","johansson",15,14.3821051002968,2.73325869230449,"m_value_ridge_calibrated"
"johansson_GSM2334063_9370847081_R02C02","johansson",80,78.3272926148412,4.37366399549664,"m_value_ridge_calibrated"
"johansson_GSM2334082_7766148041_R06C02","johansson",30,28.47176913093,3.3829110746387,"m_value_ridge_calibrated"
"johansson_GSM2334086_9370847015_R04C01","johansson",59,51.4249422785943,3.9589880161998,"m_value_ridge_calibrated"
"johansson_GSM2334090_9370847015_R05C01","johansson",83,75.7428051645982,4.34048972265573,"m_value_ridge_calibrated"
"johansson_GSM2334093_7766148058_R06C02","johansson",83,87.6282005924084,4.48472401620362,"m_value_ridge_calibrated"
"johansson_GSM2334094_9370847015_R06C01","johansson",22,22.9181703168119,3.17421351219341,"m_value_ridge_calibrated"
"johansson_GSM2334117_7766148120_R01C01","johansson",25,23.7217430342446,3.2072376889814,"m_value_ridge_calibrated"
"johansson_GSM2334119_9370847081_R03C01","johansson",50,49.3237905205612,3.91805501161903,"m_value_ridge_calibrated"
"johansson_GSM2334126_9370847125_R03C02","johansson",35,31.9943952819697,3.49579546609067,"m_value_ridge_calibrated"
"johansson_GSM2334142_9370847063_R02C02","johansson",71,66.3468735131209,4.2097069900827,"m_value_ridge_calibrated"
"johansson_GSM2334156_7766148026_R04C02","johansson",17,16.2807495228746,2.8494815732168,"m_value_ridge_calibrated"
"johansson_GSM2334158_7766148026_R05C02","johansson",22,23.0640504440555,3.18029019415715,"m_value_ridge_calibrated"
"johansson_GSM2334160_7766148026_R06C02","johansson",24,24.8720915668455,3.25269437278163,"m_value_ridge_calibrated"
"johansson_GSM2334165_7766148084_R04C02","johansson",45,41.3417479481473,3.74526400556259,"m_value_ridge_calibrated"
"johansson_GSM2334168_9376538120_R04C01","johansson",45,44.8624158403511,3.82516981648245,"m_value_ridge_calibrated"
"johansson_GSM2334177_9370847096_R04C01","johansson",50,53.959888869094,4.00624593428154,"m_value_ridge_calibrated"
"johansson_GSM2334179_9376561035_R03C02","johansson",62,56.9979987861567,4.06009791331057,"m_value_ridge_calibrated"
"johansson_GSM2334186_7512551050_R05C02","johansson",34,33.9649143658167,3.55380089364338,"m_value_ridge_calibrated"
"johansson_GSM2334187_7512551050_R03C02","johansson",47,49.1213185393126,3.9140208734184,"m_value_ridge_calibrated"
"johansson_GSM2334195_7512560144_R04C02","johansson",29,30.3142279648821,3.44353706534731,"m_value_ridge_calibrated"
"johansson_GSM2334201_9379082151_R03C01","johansson",33,31.121524904886,3.46898699356269,"m_value_ridge_calibrated"
"johansson_GSM2334207_9379082102_R06C02","johansson",21,23.0529305563609,3.17982828809974,"m_value_ridge_calibrated"
"johansson_GSM2334211_7512560144_R04C01","johansson",44,44.457567053818,3.81629889258469,"m_value_ridge_calibrated"
"johansson_GSM2334221_9370847131_R02C02","johansson",51,50.7065528869687,3.94518011165086,"m_value_ridge_calibrated"
"johansson_GSM2334231_9379082101_R05C02","johansson",77,79.5405273617234,4.3888668009019,"m_value_ridge_calibrated"
"johansson_GSM2334233_9379082101_R06C02","johansson",64,60.3233723458435,4.11590525049903,"m_value_ridge_calibrated"
"johansson_GSM2334237_7766148055_R05C01","johansson",26,26.2493654166852,3.30453575718383,"m_value_ridge_calibrated"
"johansson_GSM2334240_7512560102_R02C02","johansson",37,32.4238070478659,3.50872524865195,"m_value_ridge_calibrated"
"johansson_GSM2334241_9379082134_R06C02","johansson",36,37.6315552426077,3.65353536033975,"m_value_ridge_calibrated"
"johansson_GSM2334246_9376537113_R02C02","johansson",51,54.3446494369419,4.01322808661372,"m_value_ridge_calibrated"
"johansson_GSM2334253_7512551050_R06C01","johansson",45,43.0445888626275,3.78470803772806,"m_value_ridge_calibrated"
"johansson_GSM2334262_9379082102_R06C01","johansson",15,16.973230058084,2.88872269535419,"m_value_ridge_calibrated"
"johansson_GSM2334266_7766148001_R06C02","johansson",81,77.389222134866,4.36174934905255,"m_value_ridge_calibrated"
"johansson_GSM2334277_9379082102_R05C01","johansson",50,45.2569288085028,3.83373938320534,"m_value_ridge_calibrated"
"johansson_GSM2334280_9379082102_R04C01","johansson",73,71.897169785644,4.28900469477426,"m_value_ridge_calibrated"
"johansson_GSM2334284_7766148001_R05C01","johansson",65,67.0461603670435,4.2200496577011,"m_value_ridge_calibrated"
"johansson_GSM2334287_9379082108_R01C01","johansson",57,60.1418928688884,4.11293840866428,"m_value_ridge_calibrated"
"johansson_GSM2334288_9379082151_R05C02","johansson",62,63.1217672638637,4.16057645642164,"m_value_ridge_calibrated"
"johansson_GSM2334290_9376561035_R04C01","johansson",70,68.3284629529797,4.2387426897494,"m_value_ridge_calibrated"
"johansson_GSM2334291_7512560137_R06C02","johansson",21,22.1109761333447,3.13990619351848,"m_value_ridge_calibrated"
"johansson_GSM2334300_9379082152_R05C02","johansson",36,36.3342040678148,3.61937042427255,"m_value_ridge_calibrated"
"johansson_GSM2334321_7766148002_R05C01","johansson",19,20.038196463556,3.04601369489157,"m_value_ridge_calibrated"
"johansson_GSM2334324_7512560137_R06C01","johansson",36,36.5945899621611,3.62632161124282,"m_value_ridge_calibrated"
"johansson_GSM2334329_9376561035_R03C01","johansson",33,32.0674075493514,3.49800570861412,"m_value_ridge_calibrated"
"johansson_GSM2334334_9379082134_R01C01","johansson",82,74.7753256891297,4.3277836873216,"m_value_ridge_calibrated"
"johansson_GSM2334339_9379082134_R01C02","johansson",34,35.8079419069763,3.60517249937138,"m_value_ridge_calibrated"
"johansson_GSM2334340_9376561035_R05C02","johansson",46,45.8403193838985,3.84627894157826,"m_value_ridge_calibrated"
"johansson_GSM2334358_7512560092_R03C02","johansson",19,22.7374962208442,3.16663598769328,"m_value_ridge_calibrated"
"johansson_GSM2334362_7512560092_R04C02","johansson",15,14.2282870801932,2.72322427562299,"m_value_ridge_calibrated"
"johansson_GSM2334365_9376538150_R01C01","johansson",54,50.1511027697937,3.93437210049196,"m_value_ridge_calibrated"
"johansson_GSM2334368_9370847124_R06C02","johansson",25,27.975239273705,3.36592489266771,"m_value_ridge_calibrated"
"johansson_GSM2334372_7512560092_R03C01","johansson",21,21.9200941370901,3.13161852426351,"m_value_ridge_calibrated"
"johansson_GSM2334374_9379082133_R06C01","johansson",48,49.0506444014707,3.91260890079805,"m_value_ridge_calibrated"
"johansson_GSM2334379_7512560092_R04C01","johansson",47,47.250939981904,3.87596633121849,"m_value_ridge_calibrated"
"johansson_GSM2334386_7512560092_R05C01","johansson",41,41.0901471970679,3.73930209639279,"m_value_ridge_calibrated"
"johansson_GSM2334389_9370847124_R01C02","johansson",77,91.8925086562519,4.53180771652571,"m_value_ridge_calibrated"
"johansson_GSM2334390_9379082133_R05C02","johansson",44,44.5250332377098,3.81778265375588,"m_value_ridge_calibrated"
"johansson_GSM2334402_7766148053_R02C01","johansson",60,62.4287351345298,4.14969740822209,"m_value_ridge_calibrated"
"johansson_GSM2334411_7512560102_R03C01","johansson",47,46.5632340131507,3.86160293829418,"m_value_ridge_calibrated"
"johansson_GSM2334417_9379082133_R03C01","johansson",51,49.8337213166979,3.92814374128258,"m_value_ridge_calibrated"
"johansson_GSM2334420_7512560102_R06C02","johansson",42,44.4787874139901,3.81676582169006,"m_value_ridge_calibrated"
"johansson_GSM2334423_7512560102_R04C02","johansson",33,34.6303835975505,3.57265513124334,"m_value_ridge_calibrated"
"johansson_GSM2334425_9376537113_R04C02","johansson",49,52.6116737246911,3.98138928115512,"m_value_ridge_calibrated"
"johansson_GSM2334428_9370847131_R05C01","johansson",17,17.4219524315305,2.91335308152333,"m_value_ridge_calibrated"
"johansson_GSM2334433_7512560134_R04C01","johansson",40,37.0234707555907,3.63766678337264,"m_value_ridge_calibrated"
"johansson_GSM2334434_9376538150_R06C01","johansson",39,40.9759014557579,3.73658318521593,"m_value_ridge_calibrated"
"johansson_GSM2334437_9376538150_R03C01","johansson",39,39.3493357484273,3.6970506684203,"m_value_ridge_calibrated"
"johansson_GSM2334439_9376561035_R01C01","johansson",56,50.8621214688412,3.94818641294834,"m_value_ridge_calibrated"
"johansson_GSM2334441_7766148041_R02C02","johansson",46,44.4497207923189,3.81612618971375,"m_value_ridge_calibrated"
"johansson_GSM2334457_7766148116_R06C02","johansson",71,68.0484573020977,4.23469046347831,"m_value_ridge_calibrated"
"johansson_GSM2334459_7766148122_R05C01","johansson",42,43.4880492257729,3.79473039877455,"m_value_ridge_calibrated"
"johansson_GSM2334469_7766148122_R05C02","johansson",40,41.7599117406202,3.7550949804832,"m_value_ridge_calibrated"
"johansson_GSM2334472_7766148113_R06C01","johansson",39,39.2931831557761,3.69565767322982,"m_value_ridge_calibrated"
"johansson_GSM2334475_7766148113_R02C01","johansson",16,16.3798511846929,2.85519263202788,"m_value_ridge_calibrated"
"johansson_GSM2334482_7766148061_R05C01","johansson",54,53.3745884614468,3.9955305218757,"m_value_ridge_calibrated"
"johansson_GSM2334486_7766148061_R01C02","johansson",35,29.1117040016424,3.40438658299086,"m_value_ridge_calibrated"
"johansson_GSM2334500_7766148131_R01C02","johansson",18,18.0109059803476,2.94478743299645,"m_value_ridge_calibrated"
"johansson_GSM2334506_7766148131_R04C02","johansson",66,63.2969325902134,4.1633075819257,"m_value_ridge_calibrated"
"johansson_GSM2334511_7766148098_R05C01","johansson",58,47.5963174633447,3.88310296743138,"m_value_ridge_calibrated"
"johansson_GSM2334515_9376561048_R04C01","johansson",74,71.693078746295,4.28619712694931,"m_value_ridge_calibrated"
"johansson_GSM2334520_9376561048_R01C01","johansson",81,80.3697522683513,4.39912677966895,"m_value_ridge_calibrated"
"johansson_GSM2334525_7766148012_R05C01","johansson",58,58.1545435964565,4.0798615094034,"m_value_ridge_calibrated"
"johansson_GSM2334527_9376561056_R06C01","johansson",33,29.3393351862787,3.41191593808065,"m_value_ridge_calibrated"
"johansson_GSM2334528_7766148012_R02C01","johansson",30,28.364323674761,3.37925973689795,"m_value_ridge_calibrated"
"johansson_GSM2334531_7766148012_R06C01","johansson",22,22.1302804239301,3.14074053524447,"m_value_ridge_calibrated"
"johansson_GSM2334532_7766148012_R03C01","johansson",15,16.1798940907281,2.84363579486416,"m_value_ridge_calibrated"
"johansson_GSM2334536_9376561015_R01C01","johansson",63,71.2934304792247,4.28067653373301,"m_value_ridge_calibrated"
"johansson_GSM2334540_9376561015_R02C01","johansson",79,79.6695461551982,4.39047005056976,"m_value_ridge_calibrated"
"johansson_GSM2334546_9376561015_R05C01","johansson",80,78.1736570096383,4.37172229176726,"m_value_ridge_calibrated"
"johansson_GSM2334551_9376561048_R05C02","johansson",45,44.4069269502304,3.81518373682568,"m_value_ridge_calibrated"
"johansson_GSM2334552_9376561048_R03C02","johansson",45,45.1634442180446,3.83171533536322,"m_value_ridge_calibrated"
"johansson_GSM2334553_9376561048_R06C02","johansson",26,27.7054759580068,3.35657411623468,"m_value_ridge_calibrated"
"johansson_GSM2334558_7766148016_R05C01","johansson",33,32.1730697210474,3.50119572421144,"m_value_ridge_calibrated"
"johansson_GSM2334566_7766148016_R02C01","johansson",53,55.2596924608698,4.0296404181572,"m_value_ridge_calibrated"
"johansson_GSM2334586_7766148061_R06C02","johansson",70,75.0761828947377,4.33175214246694,"m_value_ridge_calibrated"
"johansson_GSM2334600_7766148084_R03C01","johansson",72,71.0247446166624,4.27694786202032,"m_value_ridge_calibrated"
"johansson_GSM2334606_7766148103_R02C01","johansson",64,67.0002646140359,4.21937410456821,"m_value_ridge_calibrated"
"johansson_GSM2334612_7512551003_R03C02","johansson",77,84.8781278232197,4.45314536770091,"m_value_ridge_calibrated"
"johansson_GSM2334614_7512551003_R02C02","johansson",73,73.9295459824073,4.31654264444966,"m_value_ridge_calibrated"
"johansson_GSM2334621_7512551037_R04C02","johansson",62,62.2276059041525,4.14651791585659,"m_value_ridge_calibrated"
"johansson_GSM2334623_7512551003_R05C01","johansson",56,50.9534317320349,3.94994675845415,"m_value_ridge_calibrated"
"johansson_GSM2334626_7766148103_R06C01","johansson",16,12.6593816334306,2.61468161014089,"m_value_ridge_calibrated"
"johansson_GSM2334627_7512551037_R04C01","johansson",53,44.7672125576297,3.82309080073302,"m_value_ridge_calibrated"
"johansson_GSM2334633_7766148084_R01C01","johansson",52,53.679925895282,4.00113478441194,"m_value_ridge_calibrated"
"kalyakulina_GSM7468916_204367460032_R04C01","kalyakulina",76.57,83.6837285447758,4.43911482311587,"m_value_ridge_calibrated"
"kalyakulina_GSM7468918_204367490018_R08C01","kalyakulina",54.11,66.3588237652583,4.20988463634677,"m_value_ridge_calibrated"
"kalyakulina_GSM7468956_204390590123_R03C01","kalyakulina",64.49,58.4602828501793,4.08502169079538,"m_value_ridge_calibrated"
"kalyakulina_GSM7468980_204367490058_R04C01","kalyakulina",79.71,73.685333300646,4.31327331462316,"m_value_ridge_calibrated"
"kalyakulina_GSM7468984_204367490018_R06C01","kalyakulina",84.99,91.7974199897911,4.53078150989003,"m_value_ridge_calibrated"
"kalyakulina_GSM7468988_204373100094_R02C01","kalyakulina",46.06,46.8903057761823,3.8684598144821,"m_value_ridge_calibrated"
"kalyakulina_GSM7468991_204367490072_R02C01","kalyakulina",29.24,27.8485519454944,3.36154441520877,"m_value_ridge_calibrated"
"kalyakulina_GSM7468993_204367460065_R06C01","kalyakulina",36.32,36.9444247383693,3.63558541524948,"m_value_ridge_calibrated"
"kalyakulina_GSM7468995_204367490072_R08C01","kalyakulina",84.77,95.498838568031,4.56997356118709,"m_value_ridge_calibrated"
"kalyakulina_GSM7468999_205724790012_R01C01","kalyakulina",93.32,95.5571722055817,4.57057914670182,"m_value_ridge_calibrated"
"kalyakulina_GSM7469001_205724790012_R03C01","kalyakulina",84.27,84.815461358472,4.45241408026634,"m_value_ridge_calibrated"
"kalyakulina_GSM7469003_205724790012_R05C01","kalyakulina",86.3,97.3973525216181,4.58949784643127,"m_value_ridge_calibrated"
"kalyakulina_GSM7469005_205724790012_R07C01","kalyakulina",51.88,52.5609648021784,3.98044224385503,"m_value_ridge_calibrated"
"kalyakulina_GSM7469012_205724790027_R06C01","kalyakulina",43.41,45.6580476734768,3.84237796666747,"m_value_ridge_calibrated"
"kalyakulina_GSM7469016_205724790046_R02C01","kalyakulina",32.78,31.2557365238191,3.47315600660643,"m_value_ridge_calibrated"
"kalyakulina_GSM7469017_205724790046_R03C01","kalyakulina",41.18,39.0830958644297,3.6904287268305,"m_value_ridge_calibrated"
"kalyakulina_GSM7469034_205724780160_R04C01","kalyakulina",97.77,103.52,4.80354578424476,"m_value_ridge_calibrated"
"kalyakulina_GSM7469040_205724780161_R02C01","kalyakulina",76.06,81.2523279142433,4.40993290380389,"m_value_ridge_calibrated"
"kalyakulina_GSM7469041_205724780161_R03C01","kalyakulina",76.16,73.6569930875751,4.31289322734287,"m_value_ridge_calibrated"
"kalyakulina_GSM7469052_205724780167_R06C01","kalyakulina",22.22,22.5758091194604,3.15980581107279,"m_value_ridge_calibrated"
"kalyakulina_GSM7469053_205724780167_R07C01","kalyakulina",94.19,99.2085023169696,4.60777665939201,"m_value_ridge_calibrated"
"kalyakulina_GSM7469058_205724780168_R04C01","kalyakulina",93.94,89.4525844654898,4.50513836512901,"m_value_ridge_calibrated"
"kalyakulina_GSM7469062_205724780168_R08C01","kalyakulina",61.47,61.8303627486227,4.1402084512135,"m_value_ridge_calibrated"
"kalyakulina_GSM7469067_206112280005_R05C01","kalyakulina",37.08,33.8288801007959,3.5499026636342,"m_value_ridge_calibrated"
"kalyakulina_GSM7469072_206112280009_R02C01","kalyakulina",96.61,81.9146281298854,4.41796630838201,"m_value_ridge_calibrated"
"kalyakulina_GSM7469083_205809370026_R05C01","kalyakulina",91.6,78.5517330061858,4.37649382323753,"m_value_ridge_calibrated"
"kalyakulina_GSM7469094_205809370064_R08C01","kalyakulina",60.68,56.6785210792241,4.05456916538706,"m_value_ridge_calibrated"
"kalyakulina_GSM7469102_205809370073_R08C01","kalyakulina",68.22,62.6022571879691,4.15243240649623,"m_value_ridge_calibrated"
"kalyakulina_GSM7469105_205809370080_R03C01","kalyakulina",90.15,102.322124425716,4.63844381641762,"m_value_ridge_calibrated"
"kalyakulina_GSM7469118_205809370081_R08C01","kalyakulina",80.54,83.5996205272798,4.43811938347206,"m_value_ridge_calibrated"
"kalyakulina_GSM7469130_205809370094_R04C01","kalyakulina",94.9,103.52,4.7130542196344,"m_value_ridge_calibrated"
"kalyakulina_GSM7469131_205809370094_R05C01","kalyakulina",85.76,93.6239322053538,4.55031241160032,"m_value_ridge_calibrated"
"kalyakulina_GSM7469140_206103240102_R06C01","kalyakulina",88.74,94.0966935011837,4.55530639973147,"m_value_ridge_calibrated"
"kalyakulina_GSM7469148_205809370103_R06C01","kalyakulina",90.09,83.3252669713572,4.43486546394259,"m_value_ridge_calibrated"
"kalyakulina_GSM7469155_206103240107_R05C01","kalyakulina",99.18,95.5050605421445,4.57003817145354,"m_value_ridge_calibrated"
"kalyakulina_GSM7469163_206644410075_R05C01","kalyakulina",15.2657534246575,16.3650603929854,2.85434233022269,"m_value_ridge_calibrated"
"kurushima_GSM3440330_6042316073_R03C01","kurushima",63.99,64.876385213023,4.18760385291968,"m_value_ridge_calibrated"
"kurushima_GSM3440331_6042316073_R05C01","kurushima",63.99,65.7143423992118,4.20025893292643,"m_value_ridge_calibrated"
"kurushima_GSM3440341_6057825006_R06C02","kurushima",56.02,50.0736610022728,3.93285593231579,"m_value_ridge_calibrated"
"kurushima_GSM3440348_6929793055_R05C02","kurushima",39.5,38.9049085014813,3.68597226269644,"m_value_ridge_calibrated"
"kurushima_GSM3440353_6929793141_R04C02","kurushima",58.6,57.9017132550329,4.07557416299811,"m_value_ridge_calibrated"
"kurushima_GSM3440360_6929806011_R06C02","kurushima",44,45.7784058622874,3.84495557178159,"m_value_ridge_calibrated"
"kurushima_GSM3440363_6929793026_R04C01","kurushima",69.6,65.4945261316941,4.19695461528576,"m_value_ridge_calibrated"
"kurushima_GSM3440367_6929806039_R03C02","kurushima",62.2,58.8763304673126,4.09200125162688,"m_value_ridge_calibrated"
"kurushima_GSM3440369_6055432120_R02C02","kurushima",73.06,79.7755665397804,4.39178559739282,"m_value_ridge_calibrated"
"kurushima_GSM3440372_6929806070_R05C01","kurushima",67.6,67.1393888906771,4.22142051713776,"m_value_ridge_calibrated"
"kurushima_GSM3440377_6929806008_R02C02","kurushima",63.7,62.6247971689636,4.15278712778432,"m_value_ridge_calibrated"
"kurushima_GSM3440384_6929793026_R03C01","kurushima",60.3,54.0987688771374,4.00877176525018,"m_value_ridge_calibrated"
"kurushima_GSM3440396_6929806054_R05C02","kurushima",59.5,57.3948518402915,4.0669235111659,"m_value_ridge_calibrated"
"kurushima_GSM3440397_6929793033_R06C01","kurushima",43.6,42.9380673673604,3.78228561118457,"m_value_ridge_calibrated"
"kurushima_GSM3440400_6057825005_R05C02","kurushima",64.11,62.3296168724732,4.14813178567368,"m_value_ridge_calibrated"
"kurushima_GSM3440402_6929793109_R03C01","kurushima",47.3,46.5234263731846,3.86076518251645,"m_value_ridge_calibrated"
"kurushima_GSM3440409_6929793057_R03C01","kurushima",51.6,57.3126162218022,4.06551292608664,"m_value_ridge_calibrated"
"kurushima_GSM3440410_6929793004_R06C02","kurushima",59.2,55.2445966351604,4.02937182517024,"m_value_ridge_calibrated"
"kurushima_GSM3440417_6042308041_R02C01","kurushima",60.9,61.674559927684,4.13772293936312,"m_value_ridge_calibrated"
"kurushima_GSM3440418_6929806054_R02C02","kurushima",53.1,42.7876001573227,3.77885379844328,"m_value_ridge_calibrated"
"kurushima_GSM3440419_6929806054_R03C02","kurushima",53.1,46.114426229039,3.85211693450878,"m_value_ridge_calibrated"
"kurushima_GSM3440420_6929806010_R03C02","kurushima",67.9,70.9309145501864,4.27564247050206,"m_value_ridge_calibrated"
"kurushima_GSM3440424_6929793167_R05C01","kurushima",71.9,65.9867279835827,4.2043384421741,"m_value_ridge_calibrated"
"kurushima_GSM3440425_6929793167_R06C01","kurushima",71.9,63.8223469541563,4.17145536843657,"m_value_ridge_calibrated"
"kurushima_GSM3440426_6929806039_R03C01","kurushima",64,61.8430390083385,4.14041040407318,"m_value_ridge_calibrated"
"kurushima_GSM3440429_6042308005_R01C02","kurushima",32.11,31.3354893881809,3.47562517367954,"m_value_ridge_calibrated"
"kurushima_GSM3440430_6042308005_R03C02","kurushima",32.11,30.806136013665,3.45912122662864,"m_value_ridge_calibrated"
"kurushima_GSM3440432_6929793109_R01C01","kurushima",62.2,61.9657638018326,4.14236350470483,"m_value_ridge_calibrated"
"kurushima_GSM3440436_6057825033_R01C01","kurushima",50.3,53.7871549483069,4.00309549337725,"m_value_ridge_calibrated"
"kurushima_GSM3440448_6055432139_R05C01","kurushima",59.29,58.4926966809054,4.08556720904196,"m_value_ridge_calibrated"
"kurushima_GSM3440452_6057825042_R02C01","kurushima",65.69,63.9297551619685,4.17311287010305,"m_value_ridge_calibrated"
"kurushima_GSM3440456_6929793118_R03C02","kurushima",40.2,40.0640245743381,3.71461305198072,"m_value_ridge_calibrated"
"kurushima_GSM3440463_6929806023_R06C02","kurushima",49.4,51.8579067333669,3.9672189497672,"m_value_ridge_calibrated"
"kurushima_GSM3440478_6042316021_R05C02","kurushima",63.64,64.3512157737664,4.17959043837521,"m_value_ridge_calibrated"
"kurushima_GSM3440489_6929742055_R02C02","kurushima",41.9,41.1879746722204,3.74162442396424,"m_value_ridge_calibrated"
"kurushima_GSM3440497_6042316098_R03C02","kurushima",62.7,65.7095580608328,4.2001871296206,"m_value_ridge_calibrated"
"kurushima_GSM3440498_6057825025_R04C02","kurushima",65.52,56.970317244579,4.05962007230585,"m_value_ridge_calibrated"
"kurushima_GSM3440503_6929806023_R02C01","kurushima",58.8,59.6965193027455,4.1056199918383,"m_value_ridge_calibrated"
"kurushima_GSM3440508_6929742023_R05C01","kurushima",51.1,48.3315674240438,3.89812852497937,"m_value_ridge_calibrated"
"kurushima_GSM3440513_6057825006_R02C02","kurushima",76.56,71.1521030755173,4.27871699834792,"m_value_ridge_calibrated"
"kurushima_GSM3440514_6042316073_R03C02","kurushima",69.44,73.1769086817968,4.30643256539004,"m_value_ridge_calibrated"
"kurushima_GSM3440520_6929806014_R02C01","kurushima",59.6,57.2101901926593,4.06375323651826,"m_value_ridge_calibrated"
"kurushima_GSM3440523_6057825046_R06C01","kurushima",68.13,65.1320328870806,4.19148166891115,"m_value_ridge_calibrated"
"kurushima_GSM3440533_6929806010_R02C02","kurushima",72,76.4607525703351,4.34981574229012,"m_value_ridge_calibrated"
"kurushima_GSM3440538_6929793024_R04C01","kurushima",67.1,71.5623579205022,4.28439473764468,"m_value_ridge_calibrated"
"kurushima_GSM3440545_6929742023_R03C02","kurushima",78.7,81.9956611343569,4.41894480421182,"m_value_ridge_calibrated"
"kurushima_GSM3440547_6929793111_R02C01","kurushima",57.4,60.9582727782646,4.12621614482674,"m_value_ridge_calibrated"
"kurushima_GSM3440548_6929793111_R03C01","kurushima",57.4,54.8707257182635,4.02269665579562,"m_value_ridge_calibrated"
"kurushima_GSM3440552_6042308108_R04C01","kurushima",48.99,49.1650343861568,3.91489326178752,"m_value_ridge_calibrated"
"kurushima_GSM3440555_6055432139_R05C02","kurushima",68.42,72.6248677033858,4.29895178940075,"m_value_ridge_calibrated"
"kurushima_GSM3440558_6929742080_R05C02","kurushima",42.6,41.7957707666346,3.75593354875288,"m_value_ridge_calibrated"
"kurushima_GSM3440560_6055432102_R04C01","kurushima",70.42,75.6391844120659,4.33913652248205,"m_value_ridge_calibrated"
"kurushima_GSM3440566_6057825036_R06C02","kurushima",71.21,69.468560260642,4.25507520816006,"m_value_ridge_calibrated"
"kurushima_GSM3440574_6929806013_R06C02","kurushima",72.5,68.931552388186,4.24741538173449,"m_value_ridge_calibrated"
"kurushima_GSM3440578_6057825036_R05C01","kurushima",64.18,60.3471686944231,4.11629362525837,"m_value_ridge_calibrated"
"kurushima_GSM3440588_6929806011_R02C01","kurushima",43.7,42.0986156628417,3.76298776980709,"m_value_ridge_calibrated"
"kurushima_GSM3440590_6929793026_R01C02","kurushima",54.7,49.3462338617796,3.91850118451513,"m_value_ridge_calibrated"
"kurushima_GSM3440593_6929793103_R04C01","kurushima",57.2,57.949798206509,4.07639097157785,"m_value_ridge_calibrated"
"kurushima_GSM3440604_6929793124_R06C02","kurushima",41.5,43.2635574031857,3.78966933106484,"m_value_ridge_calibrated"
"kurushima_GSM3440606_6042308005_R04C02","kurushima",52.98,50.8341224580355,3.9476460079302,"m_value_ridge_calibrated"
"kurushima_GSM3440624_6929806039_R06C01","kurushima",49.9,46.348062247879,3.85706626776855,"m_value_ridge_calibrated"
"kurushima_GSM3440625_6929793126_R04C02","kurushima",64.7,71.0332530131618,4.27706614941679,"m_value_ridge_calibrated"
"kurushima_GSM3440627_6929793125_R02C01","kurushima",62.1,63.1920012613315,4.16167241705059,"m_value_ridge_calibrated"
"kurushima_GSM3440630_6055432140_R06C02","kurushima",56.94,58.0799132252743,4.07859787737901,"m_value_ridge_calibrated"
"kurushima_GSM3440635_6929793126_R01C02","kurushima",61.7,61.2815985918753,4.1314265617386,"m_value_ridge_calibrated"
"kurushima_GSM3440640_6055432155_R02C02","kurushima",49.4,49.5807311520067,3.92315114515109,"m_value_ridge_calibrated"
"kurushima_GSM3440652_6929793026_R06C02","kurushima",48.9,49.3095869169363,3.91777254180413,"m_value_ridge_calibrated"
"kurushima_GSM3440655_6055432140_R06C01","kurushima",43.76,41.6302779659594,3.75205760969147,"m_value_ridge_calibrated"
"kurushima_GSM3440663_6929793109_R04C01","kurushima",37.6,34.4212612986213,3.56676837282024,"m_value_ridge_calibrated"
"kurushima_GSM3440665_6929806070_R04C01","kurushima",49.4,52.0106953730063,3.97010750551045,"m_value_ridge_calibrated"
"kurushima_GSM3440669_6929793004_R04C01","kurushima",73.8,74.1497381852901,4.31948130536469,"m_value_ridge_calibrated"
"kurushima_GSM3440670_6929793004_R05C01","kurushima",73.8,74.2998114059621,4.32147924731678,"m_value_ridge_calibrated"
"kurushima_GSM3440671_6929793033_R04C01","kurushima",44,43.7675634520711,3.80099640883186,"m_value_ridge_calibrated"
"kurushima_GSM3440674_6929793167_R02C01","kurushima",49.8,49.0339133465205,3.91227434587459,"m_value_ridge_calibrated"
"kurushima_GSM3440678_6929793137_R06C01","kurushima",70.1,68.9997466207231,4.24839134456163,"m_value_ridge_calibrated"
"kurushima_GSM3440685_6929793125_R06C01","kurushima",57.2,60.2825756647028,4.11523906710927,"m_value_ridge_calibrated"
"kurushima_GSM3440692_6055432102_R01C01","kurushima",59.48,63.4811528734819,4.16617189048627,"m_value_ridge_calibrated"
"kurushima_GSM3440696_6057825042_R01C02","kurushima",60.76,65.3977043976449,4.19549571412425,"m_value_ridge_calibrated"
"kurushima_GSM3440724_6055432099_R03C02","kurushima",53.48,53.1303794578965,3.99102557635947,"m_value_ridge_calibrated"
"kurushima_GSM3440725_6929793103_R02C02","kurushima",57.3,61.2645371846316,4.13115229137915,"m_value_ridge_calibrated"
"kurushima_GSM3440729_6055432092_R02C02","kurushima",51.2,54.5709053676894,4.01731130963445,"m_value_ridge_calibrated"
"kurushima_GSM3440731_6057825036_R01C01","kurushima",59.46,63.8682247048738,4.17216367963843,"m_value_ridge_calibrated"
"kurushima_GSM3440732_6929806070_R01C01","kurushima",69.2,67.5641641699718,4.22764293869902,"m_value_ridge_calibrated"
"kurushima_GSM3440745_6929806011_R03C02","kurushima",72.9,80.2983401866517,4.39824731385136,"m_value_ridge_calibrated"
"kurushima_GSM3440750_6042308041_R01C01","kurushima",52.1,51.4627292510292,3.95970906830287,"m_value_ridge_calibrated"
"kurushima_GSM3440773_6929806010_R04C01","kurushima",65.1,67.382771696608,4.22499048716939,"m_value_ridge_calibrated"
"kurushima_GSM3440779_6055432092_R03C01","kurushima",51.73,53.1000094877528,3.99046392110031,"m_value_ridge_calibrated"
"kurushima_GSM3440781_6055432099_R02C01","kurushima",43.72,43.1498539463692,3.78709615360224,"m_value_ridge_calibrated"
"kurushima_GSM3440782_6929793109_R06C01","kurushima",67.2,68.4934260354511,4.24112238853613,"m_value_ridge_calibrated"
"kurushima_GSM3440784_6057825006_R04C02","kurushima",45.85,45.6183811296475,3.84152700894206,"m_value_ridge_calibrated"
"kurushima_GSM3440789_6057825019_R03C01","kurushima",67.1,66.8259069052212,4.21680352790685,"m_value_ridge_calibrated"
"mahdi_GSM7866966_207700460080_R08C01","mahdi",60.42,63.6981705865871,4.16953568459344,"m_value_ridge_calibrated"
"mahdi_GSM7866969_207700470041_R01C01","mahdi",47.42,46.8999373201989,3.86866102515367,"m_value_ridge_calibrated"
"mahdi_GSM7866970_207700470049_R03C01","mahdi",78.14,78.3055805583536,4.3733898182276,"m_value_ridge_calibrated"
"mahdi_GSM7866972_207705770040_R06C01","mahdi",24.15,24.1121973942578,3.22289918671305,"m_value_ridge_calibrated"
"mahdi_GSM7866979_207705770089_R06C01","mahdi",54.62,55.5998437977041,4.03567357688476,"m_value_ridge_calibrated"
"mahdi_GSM7866987_207700470010_R04C01","mahdi",19.77,21.0627720620767,3.09352539881652,"m_value_ridge_calibrated"
"mahdi_GSM7866991_207700460090_R05C01","mahdi",73.75,79.5884661582597,4.38946281041383,"m_value_ridge_calibrated"
"mahdi_GSM7867002_207686140117_R01C01","mahdi",49.34,41.6724702122605,3.75304720167434,"m_value_ridge_calibrated"
"mahdi_GSM7867008_207700470024_R03C01","mahdi",26.96,25.4429324486053,3.27450776387718,"m_value_ridge_calibrated"
"mahdi_GSM7867011_207686140102_R03C01","mahdi",55.38,59.8542640476575,4.10821817836868,"m_value_ridge_calibrated"
"mahdi_GSM7867012_207700460010_R01C01","mahdi",30.4,28.4767265657126,3.38307922314851,"m_value_ridge_calibrated"
"mahdi_GSM7867013_207705770049_R06C01","mahdi",19.6,18.7478180075932,2.98277747977377,"m_value_ridge_calibrated"
"mahdi_GSM7867024_207805820117_R08C01","mahdi",23.31,22.3122480819699,3.14857129303197,"m_value_ridge_calibrated"
"mahdi_GSM7867025_207686140125_R07C01","mahdi",54.84,55.8227066987118,4.0396068366631,"m_value_ridge_calibrated"
"mahdi_GSM7867031_207686150009_R05C01","mahdi",74.85,75.7359338645055,4.34040004568511,"m_value_ridge_calibrated"
"mahdi_GSM7867044_207686140165_R01C01","mahdi",32.36,32.5494227920391,3.51247625607727,"m_value_ridge_calibrated"
"mahdi_GSM7867049_207705770129_R02C01","mahdi",43.87,44.6087223480584,3.81962015319385,"m_value_ridge_calibrated"
"mahdi_GSM7867054_207700460084_R06C01","mahdi",52.91,49.4743825869776,3.92104498011485,"m_value_ridge_calibrated"
"mahdi_GSM7867055_207700460010_R04C01","mahdi",67.47,69.9379046841346,4.26172234123205,"m_value_ridge_calibrated"
"mahdi_GSM7867059_207686150009_R06C01","mahdi",60.8,65.0945611668029,4.19091421215164,"m_value_ridge_calibrated"
"mahdi_GSM7867071_207700460090_R06C01","mahdi",63.62,61.7670689295081,4.13919947183165,"m_value_ridge_calibrated"
"mahdi_GSM7867074_207705770091_R08C01","mahdi",24.93,23.0664117889139,3.18038825400789,"m_value_ridge_calibrated"
"mahdi_GSM7867077_207686140044_R03C01","mahdi",34.03,31.7413310775274,3.48809668392289,"m_value_ridge_calibrated"
"mahdi_GSM7867080_207700460103_R04C01","mahdi",64.22,61.4796024446263,4.13460409614079,"m_value_ridge_calibrated"
"mahdi_GSM7867082_207700460044_R06C01","mahdi",66.99,52.4901517200209,3.97911824374627,"m_value_ridge_calibrated"
"mahdi_GSM7867088_207700460034_R01C01","mahdi",75.4,92.5854430770243,4.53925445124434,"m_value_ridge_calibrated"
"mahdi_GSM7867090_207805820140_R07C01","mahdi",19.81,17.1633117421749,2.8992303713074,"m_value_ridge_calibrated"
"mahdi_GSM7867101_207700460136_R03C01","mahdi",54.79,48.4010743503596,3.89953738459647,"m_value_ridge_calibrated"
"mahdi_GSM7867103_207700460134_R02C01","mahdi",27.56,26.8034580345908,3.32465789348732,"m_value_ridge_calibrated"
"mahdi_GSM7867115_207686150081_R01C01","mahdi",71.15,73.7970239264908,4.31476986355421,"m_value_ridge_calibrated"
"mahdi_GSM7867119_207700470022_R03C01","mahdi",69.42,74.6683368373722,4.32636866130042,"m_value_ridge_calibrated"
"mahdi_GSM7867126_207805820171_R07C01","mahdi",67.49,70.182845189348,4.26517392743838,"m_value_ridge_calibrated"
"mahdi_GSM7867132_207700460101_R03C01","mahdi",67.64,70.6880111931904,4.27225521893068,"m_value_ridge_calibrated"
"mahdi_GSM7867134_207686150081_R03C01","mahdi",50.12,50.1733844209927,3.93480791003918,"m_value_ridge_calibrated"
"mahdi_GSM7867144_207705770040_R05C01","mahdi",65.51,67.2371069426222,4.2228553843983,"m_value_ridge_calibrated"
"mahdi_GSM7867146_207700470036_R01C01","mahdi",42.22,39.2478430525818,3.69453149207032,"m_value_ridge_calibrated"
"mahdi_GSM7867149_207805820127_R06C01","mahdi",40.14,38.7714830420404,3.68262226762846,"m_value_ridge_calibrated"
"mahdi_GSM7867152_207700470029_R02C01","mahdi",82.67,83.9145835723107,4.44184199063562,"m_value_ridge_calibrated"
"mahdi_GSM7867157_207700470049_R04C01","mahdi",70.01,64.8535359100717,4.18725653032061,"m_value_ridge_calibrated"
"mahdi_GSM7867159_207686150104_R04C01","mahdi",49.88,56.6449024658903,4.05398559932121,"m_value_ridge_calibrated"
"mahdi_GSM7867160_207805820161_R06C01","mahdi",59.96,62.7630527051275,4.15496017416527,"m_value_ridge_calibrated"
"mahdi_GSM7867169_207700460028_R02C01","mahdi",27.83,28.5877799569183,3.38683860102855,"m_value_ridge_calibrated"
"mahdi_GSM7867170_207805820117_R02C01","mahdi",57.58,55.5212851359034,4.03428342619284,"m_value_ridge_calibrated"
"mahdi_GSM7867171_207700470004_R04C01","mahdi",49.39,51.6300409949839,3.96289549930623,"m_value_ridge_calibrated"
"mahdi_GSM7867173_207686150008_R06C01","mahdi",67.14,59.0772969182612,4.09535532106144,"m_value_ridge_calibrated"
"mahdi_GSM7867175_207705770050_R04C01","mahdi",45.98,51.6117153755306,3.96254698364227,"m_value_ridge_calibrated"
"mahdi_GSM7867178_207700460134_R05C01","mahdi",31.91,34.3260402653963,3.56407641148132,"m_value_ridge_calibrated"
"mahdi_GSM7867182_207705770099_R03C01","mahdi",34.86,37.0685017338758,3.63885056790399,"m_value_ridge_calibrated"
"mahdi_GSM7867185_207700470042_R06C01","mahdi",77.46,69.9780508063178,4.2622888755104,"m_value_ridge_calibrated"
"mahdi_GSM7867186_207705770040_R07C01","mahdi",73.47,73.6906383714496,4.31334444806043,"m_value_ridge_calibrated"
"mahdi_GSM7867188_207805820146_R06C01","mahdi",26.79,27.9362697324719,3.36457947920266,"m_value_ridge_calibrated"
"mahdi_GSM7867197_207700470029_R04C01","mahdi",69.47,76.5065427799582,4.35040762072918,"m_value_ridge_calibrated"
"mahdi_GSM7867200_207700460020_R06C01","mahdi",53.48,47.7460244444313,3.88618069141933,"m_value_ridge_calibrated"
"mahdi_GSM7867201_207805820161_R03C01","mahdi",42.83,43.0044093885605,3.78379499593204,"m_value_ridge_calibrated"
"mahdi_GSM7867216_207700460142_R07C01","mahdi",40,39.0678399670096,3.69004795188493,"m_value_ridge_calibrated"
"mahdi_GSM7867222_207700460069_R04C01","mahdi",57.82,66.5540107523366,4.21278174168272,"m_value_ridge_calibrated"
"mahdi_GSM7867224_207700460068_R04C01","mahdi",69.88,71.1839602477689,4.27915903914598,"m_value_ridge_calibrated"
"mahdi_GSM7867240_207805820127_R07C01","mahdi",65.3,66.0211542548711,4.20485286454292,"m_value_ridge_calibrated"
"mahdi_GSM7867244_207700460080_R07C01","mahdi",73.23,81.2103272169825,4.40942128051491,"m_value_ridge_calibrated"
"mahdi_GSM7867245_207700460044_R03C01","mahdi",33.2,33.6479662330299,3.54469473831821,"m_value_ridge_calibrated"
"mahdi_GSM7867255_207686140044_R08C01","mahdi",86.23,88.093757438471,4.48997302679089,"m_value_ridge_calibrated"
"mahdi_GSM7867263_207700470049_R05C01","mahdi",41.27,41.0336348975824,3.7379580936793,"m_value_ridge_calibrated"
"mahdi_GSM7867267_207686150008_R05C01","mahdi",79.55,77.6803429211435,4.36546209505152,"m_value_ridge_calibrated"
"mahdi_GSM7867273_207700470047_R03C01","mahdi",30.04,27.1599725548066,3.33739433188468,"m_value_ridge_calibrated"
"mahdi_GSM7867291_207705770129_R08C01","mahdi",30.84,28.8416161313239,3.39537883388761,"m_value_ridge_calibrated"
"mahdi_GSM7867292_207686140125_R04C01","mahdi",40.15,38.9345431764923,3.68671480106493,"m_value_ridge_calibrated"
"mahdi_GSM7867296_207700460090_R08C01","mahdi",46.35,46.9630117703796,3.86997770357849,"m_value_ridge_calibrated"
"mahdi_GSM7867297_207686150104_R08C01","mahdi",49.81,53.5937708362248,3.99955663602116,"m_value_ridge_calibrated"
"mahdi_GSM7867298_207700460019_R08C01","mahdi",58.55,52.9373116001679,3.98744965467481,"m_value_ridge_calibrated"
"mahdi_GSM7867305_207686140044_R02C01","mahdi",55.84,48.5059207839736,3.90165881380516,"m_value_ridge_calibrated"
"mahdi_GSM7867313_207700460068_R07C01","mahdi",26.6,28.1946613995429,3.37346682826857,"m_value_ridge_calibrated"
"mahdi_GSM7867317_207705770135_R08C01","mahdi",37.82,34.820702254799,3.5779826685764,"m_value_ridge_calibrated"
"mahdi_GSM7867319_207686140115_R04C01","mahdi",57.79,60.3730278764586,4.11671549662723,"m_value_ridge_calibrated"
"mahdi_GSM7867322_207700460134_R04C01","mahdi",54.81,53.2775038019473,3.99374201540943,"m_value_ridge_calibrated"
"mahdi_GSM7867331_207700460115_R01C01","mahdi",46.94,46.1768182988314,3.85344103840947,"m_value_ridge_calibrated"
"mahdi_GSM7867339_207700470047_R05C01","mahdi",24.3,22.7630912058612,3.16771294197476,"m_value_ridge_calibrated"
"mahdi_GSM7867346_207700460103_R02C01","mahdi",44.32,51.43239460707,3.95913026280402,"m_value_ridge_calibrated"
"mahdi_GSM7867349_207705770049_R01C01","mahdi",29.14,29.1523470456296,3.40573509053252,"m_value_ridge_calibrated"
"mahdi_GSM7867358_207700460066_R06C01","mahdi",74.6,78.639022784283,4.37759225443852,"m_value_ridge_calibrated"
"mahdi_GSM7867363_207700460142_R04C01","mahdi",76.83,89.7750030391178,4.50870339269621,"m_value_ridge_calibrated"
"mahdi_GSM7867366_207686150081_R05C01","mahdi",75.78,77.327879396904,4.36096527321027,"m_value_ridge_calibrated"
"mahdi_GSM7867370_207700460035_R02C01","mahdi",58.91,57.5190109227549,4.0690494563102,"m_value_ridge_calibrated"
"mahdi_GSM7867384_207700460135_R04C01","mahdi",74.3,72.5862994863468,4.29842705699665,"m_value_ridge_calibrated"
"mahdi_GSM7867400_207700470022_R04C01","mahdi",77.47,85.5173762966998,4.46057482601409,"m_value_ridge_calibrated"
"mahdi_GSM7867412_207700460063_R08C01","mahdi",51.93,48.4216933995868,3.89995493862471,"m_value_ridge_calibrated"
"mahdi_GSM7867413_207686140076_R04C01","mahdi",78.64,82.1576818759711,4.42089839473739,"m_value_ridge_calibrated"
"mahdi_GSM7867414_207686140076_R01C01","mahdi",19.65,21.3118655105473,3.10474346970386,"m_value_ridge_calibrated"
"mahdi_GSM7867417_207700470049_R02C01","mahdi",61.01,57.5754109701475,4.07001369381671,"m_value_ridge_calibrated"
"mahdi_GSM7867420_207686140115_R01C01","mahdi",71.14,67.2320632443795,4.22278137420224,"m_value_ridge_calibrated"
"mahdi_GSM7867424_207700460136_R07C01","mahdi",44.48,47.0198994298285,3.87116375127012,"m_value_ridge_calibrated"
"mahdi_GSM7867439_207700460080_R03C01","mahdi",28.39,28.2016127952493,3.37370483458754,"m_value_ridge_calibrated"
"mahdi_GSM7867446_207700460028_R04C01","mahdi",72.99,72.8371531830505,4.30183509804771,"m_value_ridge_calibrated"
"mahdi_GSM7867451_207700470047_R06C01","mahdi",60.04,52.6082952560765,3.98132621284902,"m_value_ridge_calibrated"
"mahdi_GSM7867457_207686140044_R05C01","mahdi",45.27,44.7465592490296,3.82263921124099,"m_value_ridge_calibrated"
"mahdi_GSM7867461_207700460101_R06C01","mahdi",47.79,50.007022151074,3.93154942750905,"m_value_ridge_calibrated"
"quinn_GSM7026368_203845450033_R01C01","quinn",1.016438356,0.958965831858573,0.685300243528666,"m_value_ridge_calibrated"
"quinn_GSM7026369_203845450033_R02C01","quinn",3,3.22756630400117,1.44649292236143,"m_value_ridge_calibrated"
"quinn_GSM7026373_203845450033_R08C01","quinn",0,0.924959291173296,0.668052199630664,"m_value_ridge_calibrated"
"quinn_GSM7026377_203845450024_R06C01","quinn",0,0,-0.0540443813860789,"m_value_ridge_calibrated"
"quinn_GSM7026381_203845450037_R03C01","quinn",2.01369863,1.99222486898291,1.10373868778769,"m_value_ridge_calibrated"
"quinn_GSM7026383_203845450037_R06C01","quinn",0.491803279,0.457928991625457,0.395024332372779,"m_value_ridge_calibrated"
"quinn_GSM7026393_203841950132_R07C01","quinn",0,0,-0.00427342341900694,"m_value_ridge_calibrated"
"quinn_GSM7026402_203841950147_R04C01","quinn",2.847278988,2.61486943346833,1.29109268901425,"m_value_ridge_calibrated"
"quinn_GSM7026403_203841950147_R05C01","quinn",2.057534247,2.07700561764599,1.13140876077468,"m_value_ridge_calibrated"
"quinn_GSM7026412_203841950117_R07C01","quinn",0,0,-0.150863950432635,"m_value_ridge_calibrated"
"quinn_GSM7026421_203845450043_R04C01","quinn",0,0,-0.126819038466916,"m_value_ridge_calibrated"
"quinn_GSM7026444_203968030074_R06C01","quinn",0,0.0578359446214645,0.081770063092609,"m_value_ridge_calibrated"
"quinn_GSM7026453_203968030067_R01C01","quinn",0.844479377,1.0067278490554,0.709033489992773,"m_value_ridge_calibrated"
"quinn_GSM7026454_203968030067_R02C01","quinn",0,0,-0.0308226996245216,"m_value_ridge_calibrated"
"quinn_GSM7026456_203968030067_R04C01","quinn",0,0,-0.0478849960199552,"m_value_ridge_calibrated"
"quinn_GSM7026466_203845450078_R02C01","quinn",0.501369863,0.387613891918116,0.346605801957778,"m_value_ridge_calibrated"
"quinn_GSM7026472_203968030103_R05C01","quinn",1.065753425,1.29768664080356,0.842583372799895,"m_value_ridge_calibrated"
"quinn_GSM7026473_203845450083_R01C01","quinn",2.035616438,1.96104988275516,1.09336841103138,"m_value_ridge_calibrated"
"quinn_GSM7026475_203845450083_R04C01","quinn",2.874601392,2.23609622387182,1.18135185545948,"m_value_ridge_calibrated"
"quinn_GSM7026480_203960330106_R03C01","quinn",2.035616438,2.16059623679546,1.15796088706899,"m_value_ridge_calibrated"
"quinn_GSM7026481_203960330106_R04C01","quinn",1.224657534,1.06081658222151,0.735247546534766,"m_value_ridge_calibrated"
"quinn_GSM7026487_203960330138_R06C01","quinn",0,0.00536443654094889,0.032322560435861,"m_value_ridge_calibrated"
"quinn_GSM7026495_203960330108_R01C01","quinn",3.035616438,3.22909972303778,1.4468530756828,"m_value_ridge_calibrated"
"quinn_GSM7026498_203960330108_R07C01","quinn",0,0.0267185499622663,0.0527419195435384,"m_value_ridge_calibrated"
"quinn_GSM7026500_203841950174_R02C01","quinn",0,0,-0.0301442084593688,"m_value_ridge_calibrated"
"quinn_GSM7026502_203841950174_R04C01","quinn",1.980821918,2.41357271192641,1.23427346284731,"m_value_ridge_calibrated"
"quinn_GSM7026508_203841950080_R04C01","quinn",2.005479452,2.33600146389513,1.21148622206788,"m_value_ridge_calibrated"
"quinn_GSM7026510_203841950080_R07C01","quinn",0.501369863,0.524870667603521,0.439038939361033,"m_value_ridge_calibrated"
"quinn_GSM7026512_203841950149_R01C01","quinn",2,2.13169187478294,1.14885907825012,"m_value_ridge_calibrated"
"quinn_GSM7026515_203841950149_R05C01","quinn",0,0.161839686763825,0.173096420523227,"m_value_ridge_calibrated"
"quinn_GSM7026524_203998250028_R01C01","quinn",2.008219178,2.55247810025907,1.27382441166424,"m_value_ridge_calibrated"
"quinn_GSM7026525_203998250028_R07C01","quinn",0,0.0210902052533456,0.0474002826637157,"m_value_ridge_calibrated"
"xu_GSM5310261_3999979017_R05C01","xu",45.6,48.4789759709025,3.90111404954739,"m_value_ridge_calibrated"
"xu_GSM5310280_3999979115_R06C02","xu",72.9,70.4267184481808,4.26859872103932,"m_value_ridge_calibrated"
"xu_GSM5310281_3999979116_R06C01","xu",71.9,69.436015090232,4.25461264773231,"m_value_ridge_calibrated"
"xu_GSM5310286_3999979130_R06C02","xu",61.4,55.8260381034168,4.03966551504538,"m_value_ridge_calibrated"
"xu_GSM5310292_3999984009_R04C02","xu",70.2,67.6900798719654,4.22948005469488,"m_value_ridge_calibrated"
"xu_GSM5310298_3999984043_R03C02","xu",70.3,66.7845888097842,4.21619340383326,"m_value_ridge_calibrated"
"xu_GSM5310299_3999984046_R06C01","xu",48.6,47.2145371676289,3.8752111607916,"m_value_ridge_calibrated"
"xu_GSM5310300_3999984047_R03C01","xu",67.9,67.7950901510989,4.23100959159278,"m_value_ridge_calibrated"
"xu_GSM5310310_3999984092_R06C01","xu",66.1,71.4003290316211,4.28215616828349,"m_value_ridge_calibrated"
"xu_GSM5310311_3999984136_R06C02","xu",50.6,50.9988160238611,3.95082056119987,"m_value_ridge_calibrated"
"xu_GSM5310313_3999997002_R02C01","xu",70.8,73.0555487410337,4.30479277642057,"m_value_ridge_calibrated"
"xu_GSM5310319_3999997024_R06C02","xu",46.6,45.6579421364457,3.84237570356278,"m_value_ridge_calibrated"
"xu_GSM5310325_3999997057_R05C01","xu",68.8,70.1588138076427,4.26483581326263,"m_value_ridge_calibrated"
"xu_GSM5310329_3999997067_R04C02","xu",49.2,51.2438522818421,3.95552523582141,"m_value_ridge_calibrated"
"xu_GSM5310345_9993943007_R03C01","xu",61.3,62.3723626268662,4.14880727593388,"m_value_ridge_calibrated"
"xu_GSM5310352_9993943067_R04C02","xu",41.4,42.1968643515169,3.76526566773435,"m_value_ridge_calibrated"
"xu_GSM5310361_9994014021_R02C01","xu",52.2,51.398809256191,3.95848904160776,"m_value_ridge_calibrated"
"xu_GSM5310363_9994014030_R06C02","xu",62.2,65.6225796247686,4.19888086138262,"m_value_ridge_calibrated"
"xu_GSM5310373_9994014111_R05C02","xu",46.6,44.5106195889178,3.81746584366784,"m_value_ridge_calibrated"
"xu_GSM5310375_9994014114_R02C01","xu",73.4,73.5937313070961,4.31204426677638,"m_value_ridge_calibrated"
"xu_GSM5310378_9994014117_R06C01","xu",50.1,50.5328822364817,3.94181331143568,"m_value_ridge_calibrated"
"xu_GSM5310380_9994014120_R05C01","xu",66.1,72.2674233566614,4.29407810681783,"m_value_ridge_calibrated"
"xu_GSM5310385_9994014134_R06C01","xu",69.7,69.991347340543,4.26247644313492,"m_value_ridge_calibrated"
"xu_GSM5310391_9994014147_R04C01","xu",57.1,54.4254694894841,4.01468854933021,"m_value_ridge_calibrated"
"xu_GSM5310398_9994014162_R06C01","xu",72.4,72.1024529696516,4.29182076167283,"m_value_ridge_calibrated"
"xu_GSM5310406_9994014184_R02C02","xu",51.9,53.5578991767814,3.99889882253635,"m_value_ridge_calibrated"
"xu_GSM5310407_9994014185_R01C01","xu",64.2,65.522654509314,4.19737805378262,"m_value_ridge_calibrated"
"xu_GSM5310414_9994014204_R06C01","xu",49.3,49.21515108894,3.91589245175019,"m_value_ridge_calibrated"
"xu_GSM5310421_9996247008_R06C01","xu",67.7,65.5359523306958,4.19757817410656,"m_value_ridge_calibrated"
"xu_GSM5310426_9996247015_R02C02","xu",70.9,69.7233870047597,4.25868967706455,"m_value_ridge_calibrated"
"xu_GSM5310429_9996247020_R05C01","xu",75.1,71.4906159235287,4.28340417576318,"m_value_ridge_calibrated"
"xu_GSM5310430_9996247021_R02C01","xu",59.3,60.762721957394,4.12305164534334,"m_value_ridge_calibrated"
"xu_GSM5310434_9996247033_R06C01","xu",42.4,43.3515880068247,3.79165698880075,"m_value_ridge_calibrated"
"xu_GSM5310436_9996247036_R03C02","xu",67.5,65.8199427148841,4.20184247447635,"m_value_ridge_calibrated"
"xu_GSM5310440_9996247042_R01C01","xu",64.5,63.141383011317,4.16088266925711,"m_value_ridge_calibrated"
"xu_GSM5310444_9996247057_R06C01","xu",47.7,46.3907726093228,3.85796840566822,"m_value_ridge_calibrated"
"xu_GSM5310460_9996247090_R02C01","xu",73.4,69.8091227235043,4.25990283367766,"m_value_ridge_calibrated"
"xu_GSM5310463_9996247095_R01C02","xu",36.6,34.4208155281417,3.56675578743345,"m_value_ridge_calibrated"
"xu_GSM5310465_9996247097_R02C01","xu",45.4,45.3876027079406,3.83656178961991,"m_value_ridge_calibrated"
"xu_GSM5310468_9996247102_R02C01","xu",46.5,44.9987687952579,3.8281399530468,"m_value_ridge_calibrated"
"xu_GSM5310470_9996247107_R02C01","xu",49.3,49.6114900464096,3.92375948125718,"m_value_ridge_calibrated"
"xu_GSM5310478_9996247134_R06C01","xu",60.8,60.5450903125637,4.11951804529533,"m_value_ridge_calibrated"
"xu_GSM5310480_9996247139_R01C02","xu",39.1,37.2416471608298,3.64338927010282,"m_value_ridge_calibrated"
"xu_GSM5310484_9996247145_R05C01","xu",47.7,45.9737624726056,3.8491252918799,"m_value_ridge_calibrated"
"xu_GSM5310492_9996247163_R03C02","xu",64,64.8659305077646,4.18744495028397,"m_value_ridge_calibrated"
"xu_GSM5310497_9996247174_R01C01","xu",38.2,38.5122121620428,3.67608039042899,"m_value_ridge_calibrated"
"xu_GSM5310512_9996247198_R05C02","xu",70.8,72.5821662659261,4.29837080698851,"m_value_ridge_calibrated"
"xu_GSM5310513_9996247199_R04C01","xu",41.3,41.9889414584477,3.76043884012711,"m_value_ridge_calibrated"
"fraga_205837540003_R04C01","fraga",79,65.3362175439057,4.18153485528038,"signature_kernel"
"fraga_205837540006_R06C01","fraga",36,37.5485442274268,3.63800981679027,"signature_kernel"
"fraga_205837540012_R03C01","fraga",54,72.9369507818051,4.29065399729522,"signature_kernel"
"fraga_205837540012_R05C01","fraga",59,60.1164947576276,4.09921081928029,"signature_kernel"
"fraga_205837540014_R01C01","fraga",26,39.5590007084689,3.68874437140604,"signature_kernel"
"fraga_205837540025_R05C01","fraga",70,74.0684649677744,4.30594613334414,"signature_kernel"
"fraga_205837540027_R03C01","fraga",45,54.3235446793033,3.99930733997992,"signature_kernel"
"fraga_205837540064_R01C01","fraga",40,51.1912740941835,3.9409008412257,"signature_kernel"
"fraga_205837540064_R07C01","fraga",27,38.3335759023681,3.65812419503448,"signature_kernel"
"fraga_205837540066_R01C01","fraga",37,39.5968518682862,3.68967557874193,"signature_kernel"
"fraga_205837540066_R02C01","fraga",34,42.7457309524739,3.76428974829276,"signature_kernel"
"fraga_205837540066_R04C01","fraga",80,78.7312456007066,4.36665669696324,"signature_kernel"
"johansson_GSM2333901_9370847096_R05C02","johansson",72,76.7794562439997,4.34168059582526,"signature_kernel"
"johansson_GSM2333903_7766148053_R06C02","johansson",23,20.596219809888,3.06243039902329,"signature_kernel"
"johansson_GSM2333909_9379082138_R01C01","johansson",33,54.3046311887195,3.99896455085504,"signature_kernel"
"johansson_GSM2333922_7766148025_R06C02","johansson",68,78.9730392309588,4.36970883740622,"signature_kernel"
"johansson_GSM2333927_9370847011_R02C01","johansson",74,77.57286059026,4.35190700046867,"signature_kernel"
"johansson_GSM2333932_7766148030_R01C02","johansson",45,51.7492670414813,3.95155439034656,"signature_kernel"
"johansson_GSM2333944_7512551037_R01C01","johansson",62,70.1063786628378,4.25136663246007,"signature_kernel"
"johansson_GSM2333945_9370847125_R01C01","johansson",57,53.9179400655335,3.99193067992995,"signature_kernel"
"johansson_GSM2333946_9370847125_R05C02","johansson",50,54.2015239801768,3.99709379491256,"signature_kernel"
"johansson_GSM2333956_7766148026_R05C01","johansson",28,51.180967738141,3.94070301099489,"signature_kernel"
"johansson_GSM2333959_7766148077_R01C02","johansson",25,28.2222730367629,3.36222499997642,"signature_kernel"
"johansson_GSM2333961_7766148003_R06C02","johansson",22,39.6048721548217,3.68987278241047,"signature_kernel"
"johansson_GSM2333965_7766148116_R02C01","johansson",21,24.4590696235872,3.22538031379826,"signature_kernel"
"johansson_GSM2333967_9370847096_R03C02","johansson",62,65.1281640521197,4.17837759870557,"signature_kernel"
"johansson_GSM2333975_7766148114_R06C01","johansson",23,32.0816727197803,3.48560081523419,"signature_kernel"
"johansson_GSM2333982_7766148112_R05C01","johansson",19,22.3952726487848,3.14161071180783,"signature_kernel"
"johansson_GSM2333987_9370847011_R04C02","johansson",18,21.024812806444,3.08186661792842,"signature_kernel"
"johansson_GSM2333992_7766148030_R02C02","johansson",35,47.0990565962416,3.85915386940068,"signature_kernel"
"johansson_GSM2333998_9370847011_R05C01","johansson",32,31.1423207921789,3.45693138374255,"signature_kernel"
"johansson_GSM2334003_7766148112_R04C01","johansson",46,57.3462166535177,4.05265697532749,"signature_kernel"
"johansson_GSM2334006_7766148120_R03C01","johansson",70,70.862149344278,4.26200514253002,"signature_kernel"
"johansson_GSM2334008_9370847081_R04C01","johansson",41,54.9345378073341,4.01031929295294,"signature_kernel"
"johansson_GSM2334031_7766148077_R05C02","johansson",48,68.3781962525737,4.22661551312897,"signature_kernel"
"johansson_GSM2334034_7766148116_R03C02","johansson",31,43.3670219525614,3.77838378770928,"signature_kernel"
"johansson_GSM2334051_9370847091_R06C02","johansson",64,76.8478089735218,4.3425656448302,"signature_kernel"
"johansson_GSM2334052_7766148077_R01C01","johansson",43,50.2431875106946,3.92253911670156,"signature_kernel"
"johansson_GSM2334053_7766148130_R02C01","johansson",39,51.6744720342218,3.95013282589737,"signature_kernel"
"johansson_GSM2334054_9370847092_R04C02","johansson",74,67.8245882024956,4.21855813358372,"signature_kernel"
"johansson_GSM2334055_7766148130_R03C01","johansson",44,44.1748986042697,3.79642214765019,"signature_kernel"
"johansson_GSM2334056_7766148057_R05C02","johansson",47,65.6855119947808,4.1868135975461,"signature_kernel"
"johansson_GSM2334058_7766148057_R06C02","johansson",19,28.204859214127,3.36163268408,"signature_kernel"
"johansson_GSM2334059_7766148130_R05C01","johansson",15,19.0985457221998,2.9914036512688,"signature_kernel"
"johansson_GSM2334063_9370847081_R02C02","johansson",80,75.8488773217588,4.3295544646146,"signature_kernel"
"johansson_GSM2334082_7766148041_R06C02","johansson",30,44.2725266328379,3.79858041158859,"signature_kernel"
"johansson_GSM2334086_9370847015_R04C01","johansson",59,74.837918221095,4.3162160208846,"signature_kernel"
"johansson_GSM2334090_9370847015_R05C01","johansson",83,79.2842827539778,4.37362429903414,"signature_kernel"
"johansson_GSM2334093_7766148058_R06C02","johansson",83,83.4869561847454,4.42507981467636,"signature_kernel"
"johansson_GSM2334094_9370847015_R06C01","johansson",22,30.6373537291272,3.4411763553307,"signature_kernel"
"johansson_GSM2334117_7766148120_R01C01","johansson",25,35.1999182261899,3.57532689437468,"signature_kernel"
"johansson_GSM2334119_9370847081_R03C01","johansson",50,54.0524950357637,3.994383745844,"signature_kernel"
"johansson_GSM2334126_9370847125_R03C02","johansson",35,28.7331996135966,3.37945069433369,"signature_kernel"
"johansson_GSM2334142_9370847063_R02C02","johansson",71,68.3267097439141,4.2258688390174,"signature_kernel"
"johansson_GSM2334156_7766148026_R04C02","johansson",17,18.6485943887113,2.96904695508815,"signature_kernel"
"johansson_GSM2334158_7766148026_R05C02","johansson",22,35.0667916121166,3.57165473067795,"signature_kernel"
"johansson_GSM2334160_7766148026_R06C02","johansson",24,60.0463116452857,4.09805731401912,"signature_kernel"
"johansson_GSM2334165_7766148084_R04C02","johansson",45,43.9990629292511,3.79252331462179,"signature_kernel"
"johansson_GSM2334168_9376538120_R04C01","johansson",45,59.656173013396,4.09162120269392,"signature_kernel"
"johansson_GSM2334177_9370847096_R04C01","johansson",50,74.9899185311398,4.31823263016525,"signature_kernel"
"johansson_GSM2334179_9376561035_R03C02","johansson",62,73.421629233099,4.2972323235624,"signature_kernel"
"johansson_GSM2334186_7512551050_R05C02","johansson",34,43.2113467165134,3.77487064770026,"signature_kernel"
"johansson_GSM2334187_7512551050_R03C02","johansson",47,66.7202125404668,4.20229220357263,"signature_kernel"
"johansson_GSM2334195_7512560144_R04C02","johansson",29,30.1045905115155,3.42428309919709,"signature_kernel"
"johansson_GSM2334201_9379082151_R03C01","johansson",33,25.4816621572869,3.26444138320368,"signature_kernel"
"johansson_GSM2334207_9379082102_R06C02","johansson",21,25.1849100206026,3.25326111143477,"signature_kernel"
"johansson_GSM2334211_7512560144_R04C01","johansson",44,54.2465222760466,3.99791065811973,"signature_kernel"
"johansson_GSM2334221_9370847131_R02C02","johansson",51,51.4118490508712,3.9451255606782,"signature_kernel"
"johansson_GSM2334231_9379082101_R05C02","johansson",77,80.5078781705671,4.38887378345347,"signature_kernel"
"johansson_GSM2334233_9379082101_R06C02","johansson",64,76.7839478616975,4.34173877795896,"signature_kernel"
"johansson_GSM2334237_7766148055_R05C01","johansson",26,31.8276552375022,3.47792804326543,"signature_kernel"
"johansson_GSM2334240_7512560102_R02C02","johansson",37,44.6168202607791,3.80615524013374,"signature_kernel"
"johansson_GSM2334241_9379082134_R06C02","johansson",36,43.1445965804761,3.77336055074336,"signature_kernel"
"johansson_GSM2334246_9376537113_R02C02","johansson",51,55.9515726837157,4.02838895028854,"signature_kernel"
"johansson_GSM2334253_7512551050_R06C01","johansson",45,51.1078494350043,3.93929839957282,"signature_kernel"
"johansson_GSM2334262_9379082102_R06C01","johansson",15,19.5138901679871,3.01160891149213,"signature_kernel"
"johansson_GSM2334266_7766148001_R06C02","johansson",81,77.9820175453088,4.35714108756762,"signature_kernel"
"johansson_GSM2334277_9379082102_R05C01","johansson",50,63.790976808706,4.15784882508597,"signature_kernel"
"johansson_GSM2334280_9379082102_R04C01","johansson",73,72.3694571836507,4.28289748104031,"signature_kernel"
"johansson_GSM2334284_7766148001_R05C01","johansson",65,82.3882184531172,4.41187470509775,"signature_kernel"
"johansson_GSM2334287_9379082108_R01C01","johansson",57,63.5208331115581,4.15365086518536,"signature_kernel"
"johansson_GSM2334288_9379082151_R05C02","johansson",62,76.5504130316158,4.33870929414498,"signature_kernel"
"johansson_GSM2334290_9376561035_R04C01","johansson",70,77.0241707870585,4.34484569598924,"signature_kernel"
"johansson_GSM2334291_7512560137_R06C02","johansson",21,26.0840545601203,3.28676237012873,"signature_kernel"
"johansson_GSM2334300_9379082152_R05C02","johansson",36,45.619851086096,3.82790571986336,"signature_kernel"
"johansson_GSM2334321_7766148002_R05C01","johansson",19,20.3896955371506,3.05292901906547,"signature_kernel"
"johansson_GSM2334324_7512560137_R06C01","johansson",36,51.4259825023627,3.945395663584,"signature_kernel"
"johansson_GSM2334329_9376561035_R03C01","johansson",33,27.0668196056242,3.32214899933517,"signature_kernel"
"johansson_GSM2334334_9379082134_R01C01","johansson",82,71.7797607071143,4.27477465608164,"signature_kernel"
"johansson_GSM2334339_9379082134_R01C02","johansson",34,49.6465874268575,3.91081211580982,"signature_kernel"
"johansson_GSM2334340_9376561035_R05C02","johansson",46,51.6449403431874,3.9495709941425,"signature_kernel"
"johansson_GSM2334358_7512560092_R03C02","johansson",19,24.6175972766392,3.23153582599286,"signature_kernel"
"johansson_GSM2334362_7512560092_R04C02","johansson",15,20.1374049574601,3.0411990419072,"signature_kernel"
"johansson_GSM2334365_9376538150_R01C01","johansson",54,53.9328054925338,3.99220198195616,"signature_kernel"
"johansson_GSM2334368_9370847124_R06C02","johansson",25,23.815360426718,3.19999182204813,"signature_kernel"
"johansson_GSM2334372_7512560092_R03C01","johansson",21,38.6615566208452,3.66641081705304,"signature_kernel"
"johansson_GSM2334374_9379082133_R06C01","johansson",48,54.3371705166387,3.99955422378127,"signature_kernel"
"johansson_GSM2334379_7512560092_R04C01","johansson",47,64.0722166274269,4.16220092915242,"signature_kernel"
"johansson_GSM2334386_7512560092_R05C01","johansson",41,54.3499320164078,3.99978539246605,"signature_kernel"
"johansson_GSM2334389_9370847124_R01C02","johansson",77,67.5951044187424,4.21519942289832,"signature_kernel"
"johansson_GSM2334390_9379082133_R05C02","johansson",44,47.1179629183488,3.85954709843692,"signature_kernel"
"johansson_GSM2334402_7766148053_R02C01","johansson",60,67.1616360080007,4.20882489408111,"signature_kernel"
"johansson_GSM2334411_7512560102_R03C01","johansson",47,59.6046315547487,4.09076787387049,"signature_kernel"
"johansson_GSM2334417_9379082133_R03C01","johansson",51,60.1516233897337,4.09978769101867,"signature_kernel"
"johansson_GSM2334420_7512560102_R06C02","johansson",42,56.6232915744362,4.04014973093126,"signature_kernel"
"johansson_GSM2334423_7512560102_R04C02","johansson",33,51.1522722775759,3.94015199930043,"signature_kernel"
"johansson_GSM2334425_9376537113_R04C02","johansson",49,67.4546089672709,4.21313767272712,"signature_kernel"
"johansson_GSM2334428_9370847131_R05C01","johansson",17,13.2913005259502,2.65576136113491,"signature_kernel"
"johansson_GSM2334433_7512560134_R04C01","johansson",40,50.961185615448,3.93647510011228,"signature_kernel"
"johansson_GSM2334434_9376538150_R06C01","johansson",39,52.4439252565806,3.96466298946948,"signature_kernel"
"johansson_GSM2334437_9376538150_R03C01","johansson",39,31.732436682641,3.47503681113244,"signature_kernel"
"johansson_GSM2334439_9376561035_R01C01","johansson",56,56.8230426580893,4.04362100207172,"signature_kernel"
"johansson_GSM2334441_7766148041_R02C02","johansson",46,52.528849471057,3.96625401739086,"signature_kernel"
"johansson_GSM2334457_7766148116_R06C02","johansson",71,68.2611113514519,4.2249167180334,"signature_kernel"
"johansson_GSM2334459_7766148122_R05C01","johansson",42,56.5095221554927,4.03816734075849,"signature_kernel"
"johansson_GSM2334469_7766148122_R05C02","johansson",40,67.370385027169,4.21189969925576,"signature_kernel"
"johansson_GSM2334472_7766148113_R06C01","johansson",39,50.8891730368067,3.93508596941988,"signature_kernel"
"johansson_GSM2334475_7766148113_R02C01","johansson",16,17.9109879435888,2.93128718324624,"signature_kernel"
"johansson_GSM2334482_7766148061_R05C01","johansson",54,64.0414287606114,4.16172540036563,"signature_kernel"
"johansson_GSM2334486_7766148061_R01C02","johansson",35,49.8325280836503,3.91448158783136,"signature_kernel"
"johansson_GSM2334500_7766148131_R01C02","johansson",18,19.444651820968,3.00826873420021,"signature_kernel"
"johansson_GSM2334506_7766148131_R04C02","johansson",66,66.7900355760117,4.20332831301752,"signature_kernel"
"johansson_GSM2334511_7766148098_R05C01","johansson",58,65.4149942607238,4.1827277629768,"signature_kernel"
"johansson_GSM2334515_9376561048_R04C01","johansson",74,69.5466354731801,4.24341544885441,"signature_kernel"
"johansson_GSM2334520_9376561048_R01C01","johansson",81,79.4325676105927,4.3754844812923,"signature_kernel"
"johansson_GSM2334525_7766148012_R05C01","johansson",58,65.6847736536645,4.18680246806157,"signature_kernel"
"johansson_GSM2334527_9376561056_R06C01","johansson",33,40.9381530096667,3.72213286331603,"signature_kernel"
"johansson_GSM2334528_7766148012_R02C01","johansson",30,41.6637724221639,3.73926737300473,"signature_kernel"
"johansson_GSM2334531_7766148012_R06C01","johansson",22,23.5583536064643,3.18967375732938,"signature_kernel"
"johansson_GSM2334532_7766148012_R03C01","johansson",15,17.8818192581436,2.92976443157647,"signature_kernel"
"johansson_GSM2334536_9376561015_R01C01","johansson",63,57.4911513938633,4.05514607939241,"signature_kernel"
"johansson_GSM2334540_9376561015_R02C01","johansson",79,83.9673708417105,4.43080066252215,"signature_kernel"
"johansson_GSM2334546_9376561015_R05C01","johansson",80,80.9818364075155,4.39472021599779,"signature_kernel"
"johansson_GSM2334551_9376561048_R05C02","johansson",45,59.6929518755627,4.09222968264971,"signature_kernel"
"johansson_GSM2334552_9376561048_R03C02","johansson",45,47.1087481232633,3.8593554606901,"signature_kernel"
"johansson_GSM2334553_9376561048_R06C02","johansson",26,26.0847595054387,3.28678820367027,"signature_kernel"
"johansson_GSM2334558_7766148016_R05C01","johansson",33,43.2124415505169,3.77489539752016,"signature_kernel"
"johansson_GSM2334566_7766148016_R02C01","johansson",53,60.500070750921,4.10549216234743,"signature_kernel"
"johansson_GSM2334586_7766148061_R06C02","johansson",70,78.7957730949736,4.36747211205501,"signature_kernel"
"johansson_GSM2334600_7766148084_R03C01","johansson",72,76.2190572795319,4.33439540384824,"signature_kernel"
"johansson_GSM2334606_7766148103_R02C01","johansson",64,66.7930840045333,4.20337352492791,"signature_kernel"
"johansson_GSM2334612_7512551003_R03C02","johansson",77,78.9621258790023,4.36957127487348,"signature_kernel"
"johansson_GSM2334614_7512551003_R02C02","johansson",73,77.7273287248759,4.3538861587227,"signature_kernel"
"johansson_GSM2334621_7512551037_R04C02","johansson",62,66.7231997213715,4.2023365521281,"signature_kernel"
"johansson_GSM2334623_7512551003_R05C01","johansson",56,54.67427631104,4.00564316379939,"signature_kernel"
"johansson_GSM2334626_7766148103_R06C01","johansson",16,10.644590981351,2.45541541478848,"signature_kernel"
"johansson_GSM2334627_7512551037_R04C01","johansson",53,47.7505415512856,3.87261687698766,"signature_kernel"
"johansson_GSM2334633_7766148084_R01C01","johansson",52,54.4670663297935,4.00190477465345,"signature_kernel"
"kalyakulina_GSM7468916_204367460032_R04C01","kalyakulina",76.57,59.1323942615414,4.08291596196677,"signature_kernel"
"kalyakulina_GSM7468918_204367490018_R08C01","kalyakulina",54.11,66.3924093728597,4.19741379464417,"signature_kernel"
"kalyakulina_GSM7468956_204390590123_R03C01","kalyakulina",64.49,57.921677057577,4.06250421042268,"signature_kernel"
"kalyakulina_GSM7468980_204367490058_R04C01","kalyakulina",79.71,73.2626075898183,4.29507865428243,"signature_kernel"
"kalyakulina_GSM7468984_204367490018_R06C01","kalyakulina",84.99,82.8257017823131,4.41715295760718,"signature_kernel"
"kalyakulina_GSM7468988_204373100094_R02C01","kalyakulina",46.06,56.2989231484963,4.03448750538737,"signature_kernel"
"kalyakulina_GSM7468991_204367490072_R02C01","kalyakulina",29.24,36.2341049718274,3.60340844634394,"signature_kernel"
"kalyakulina_GSM7468993_204367460065_R06C01","kalyakulina",36.32,40.8743808148738,3.72061301660577,"signature_kernel"
"kalyakulina_GSM7468995_204367490072_R08C01","kalyakulina",84.77,74.8810188892643,4.31678824731268,"signature_kernel"
"kalyakulina_GSM7468999_205724790012_R01C01","kalyakulina",93.32,84.1602280268603,4.43308829115469,"signature_kernel"
"kalyakulina_GSM7469001_205724790012_R03C01","kalyakulina",84.27,83.1092214507942,4.42055918389591,"signature_kernel"
"kalyakulina_GSM7469003_205724790012_R05C01","kalyakulina",86.3,82.804338739138,4.416895841568,"signature_kernel"
"kalyakulina_GSM7469005_205724790012_R07C01","kalyakulina",51.88,54.2825275835263,3.9985637973938,"signature_kernel"
"kalyakulina_GSM7469012_205724790027_R06C01","kalyakulina",43.41,54.4275594583377,4.00119044653734,"signature_kernel"
"kalyakulina_GSM7469016_205724790046_R02C01","kalyakulina",32.78,39.4250952671305,3.6854431599132,"signature_kernel"
"kalyakulina_GSM7469017_205724790046_R03C01","kalyakulina",41.18,43.3693385001537,3.77843597362038,"signature_kernel"
"kalyakulina_GSM7469034_205724780160_R04C01","kalyakulina",97.77,83.7534774475385,4.42825752755609,"signature_kernel"
"kalyakulina_GSM7469040_205724780161_R02C01","kalyakulina",76.06,75.0691272551615,4.31928193013218,"signature_kernel"
"kalyakulina_GSM7469041_205724780161_R03C01","kalyakulina",76.16,76.1275199154471,4.33320047522729,"signature_kernel"
"kalyakulina_GSM7469052_205724780167_R06C01","kalyakulina",22.22,35.1649108129268,3.57436254225168,"signature_kernel"
"kalyakulina_GSM7469053_205724780167_R07C01","kalyakulina",94.19,78.7432805030076,4.36680882775642,"signature_kernel"
"kalyakulina_GSM7469058_205724780168_R04C01","kalyakulina",93.94,84.4695829080082,4.43674717092688,"signature_kernel"
"kalyakulina_GSM7469062_205724780168_R08C01","kalyakulina",61.47,63.8397475514481,4.15860487070599,"signature_kernel"
"kalyakulina_GSM7469067_206112280005_R05C01","kalyakulina",37.08,43.2978301638059,3.77682383274704,"signature_kernel"
"kalyakulina_GSM7469072_206112280009_R02C01","kalyakulina",96.61,84.1440602820778,4.43289670873418,"signature_kernel"
"kalyakulina_GSM7469083_205809370026_R05C01","kalyakulina",91.6,76.9506193452219,4.34389542110993,"signature_kernel"
"kalyakulina_GSM7469094_205809370064_R08C01","kalyakulina",60.68,54.3388022789745,3.99958378533478,"signature_kernel"
"kalyakulina_GSM7469102_205809370073_R08C01","kalyakulina",68.22,63.7919017178206,4.15786316827314,"signature_kernel"
"kalyakulina_GSM7469105_205809370080_R03C01","kalyakulina",90.15,80.4811509286684,4.38854309863244,"signature_kernel"
"kalyakulina_GSM7469118_205809370081_R08C01","kalyakulina",80.54,80.9681294360233,4.39455160335123,"signature_kernel"
"kalyakulina_GSM7469130_205809370094_R04C01","kalyakulina",94.9,84.4662999401771,4.43670841019415,"signature_kernel"
"kalyakulina_GSM7469131_205809370094_R05C01","kalyakulina",85.76,73.2368356442807,4.29472919096843,"signature_kernel"
"kalyakulina_GSM7469140_206103240102_R06C01","kalyakulina",88.74,77.7264040330905,4.35387432227167,"signature_kernel"
"kalyakulina_GSM7469148_205809370103_R06C01","kalyakulina",90.09,77.256954970348,4.34784743674479,"signature_kernel"
"kalyakulina_GSM7469155_206103240107_R05C01","kalyakulina",99.18,84.1426398419726,4.43287987527994,"signature_kernel"
"kalyakulina_GSM7469163_206644410075_R05C01","kalyakulina",15.2657534246575,19.6718657820061,3.01918866578512,"signature_kernel"
"kurushima_GSM3440330_6042316073_R03C01","kurushima",63.99,59.8712093573936,4.0951736844229,"signature_kernel"
"kurushima_GSM3440331_6042316073_R05C01","kurushima",63.99,53.5509730345092,3.98521027314587,"signature_kernel"
"kurushima_GSM3440341_6057825006_R06C02","kurushima",56.02,55.0625349131276,4.012611157383,"signature_kernel"
"kurushima_GSM3440348_6929793055_R05C02","kurushima",39.5,49.1198203931266,3.90034395685461,"signature_kernel"
"kurushima_GSM3440353_6929793141_R04C02","kurushima",58.6,54.4243486130406,4.00113236882871,"signature_kernel"
"kurushima_GSM3440360_6929806011_R06C02","kurushima",44,42.5256504022946,3.75924979674216,"signature_kernel"
"kurushima_GSM3440363_6929793026_R04C01","kurushima",69.6,65.6853185495036,4.18681068163433,"signature_kernel"
"kurushima_GSM3440367_6929806039_R03C02","kurushima",62.2,51.8029295118112,3.95257308254135,"signature_kernel"
"kurushima_GSM3440369_6055432120_R02C02","kurushima",73.06,60.1977274564337,4.10054430251334,"signature_kernel"
"kurushima_GSM3440372_6929806070_R05C01","kurushima",67.6,57.0932810115094,4.04829842895253,"signature_kernel"
"kurushima_GSM3440377_6929806008_R02C02","kurushima",63.7,51.1521344972026,3.94014935291343,"signature_kernel"
"kurushima_GSM3440384_6929793026_R03C01","kurushima",60.3,43.2631744890847,3.77604160384839,"signature_kernel"
"kurushima_GSM3440396_6929806054_R05C02","kurushima",59.5,59.3695045662205,4.08686597490426,"signature_kernel"
"kurushima_GSM3440397_6929793033_R06C01","kurushima",43.6,42.6980843118853,3.76320074172467,"signature_kernel"
"kurushima_GSM3440400_6057825005_R05C02","kurushima",64.11,74.0956554240222,4.30631080702987,"signature_kernel"
"kurushima_GSM3440402_6929793109_R03C01","kurushima",47.3,45.6282111153105,3.82808505839747,"signature_kernel"
"kurushima_GSM3440409_6929793057_R03C01","kurushima",51.6,54.2665274929113,3.99827360622147,"signature_kernel"
"kurushima_GSM3440410_6929793004_R06C02","kurushima",59.2,57.1397441521874,4.04910047539459,"signature_kernel"
"kurushima_GSM3440417_6042308041_R02C01","kurushima",60.9,43.6743117391653,3.7852828808776,"signature_kernel"
"kurushima_GSM3440418_6929806054_R02C02","kurushima",53.1,53.9148617107927,3.99187448925153,"signature_kernel"
"kurushima_GSM3440419_6929806054_R03C02","kurushima",53.1,49.2177011332744,3.90229727215172,"signature_kernel"
"kurushima_GSM3440420_6929806010_R03C02","kurushima",67.9,61.0542439561192,4.1144992948081,"signature_kernel"
"kurushima_GSM3440424_6929793167_R05C01","kurushima",71.9,55.9840795664297,4.02896123850287,"signature_kernel"
"kurushima_GSM3440425_6929793167_R06C01","kurushima",71.9,52.2618980526303,3.96124435174453,"signature_kernel"
"kurushima_GSM3440426_6929806039_R03C01","kurushima",64,56.173298934978,4.03228609490527,"signature_kernel"
"kurushima_GSM3440429_6042308005_R01C02","kurushima",32.11,21.1206256609085,3.08616076664705,"signature_kernel"
"kurushima_GSM3440430_6042308005_R03C02","kurushima",32.11,20.0812362771574,3.03856882510711,"signature_kernel"
"kurushima_GSM3440432_6929793109_R01C01","kurushima",62.2,67.4790259673367,4.21349628773509,"signature_kernel"
"kurushima_GSM3440436_6057825033_R01C01","kurushima",50.3,41.5688420092525,3.73704213674799,"signature_kernel"
"kurushima_GSM3440448_6055432139_R05C01","kurushima",59.29,57.6203128874331,4.0573591752788,"signature_kernel"
"kurushima_GSM3440452_6057825042_R02C01","kurushima",65.69,56.5137752771915,4.03824151938488,"signature_kernel"
"kurushima_GSM3440456_6929793118_R03C02","kurushima",40.2,36.235871307156,3.60345574702203,"signature_kernel"
"kurushima_GSM3440463_6929806023_R06C02","kurushima",49.4,51.4969949703588,3.94675168939416,"signature_kernel"
"kurushima_GSM3440478_6042316021_R05C02","kurushima",63.64,54.4266907084878,4.00117473293399,"signature_kernel"
"kurushima_GSM3440489_6929742055_R02C02","kurushima",41.9,32.6958216460885,3.50391424385748,"signature_kernel"
"kurushima_GSM3440497_6042316098_R03C02","kurushima",62.7,66.7141370663008,4.20220199937186,"signature_kernel"
"kurushima_GSM3440498_6057825025_R04C02","kurushima",65.52,57.452310494028,4.05447962413717,"signature_kernel"
"kurushima_GSM3440503_6929806023_R02C01","kurushima",58.8,59.7363043527349,4.09294645178965,"signature_kernel"
"kurushima_GSM3440508_6929742023_R05C01","kurushima",51.1,51.5001403000993,3.94681170951076,"signature_kernel"
"kurushima_GSM3440513_6057825006_R02C02","kurushima",76.56,74.2519535390216,4.30840453233285,"signature_kernel"
"kurushima_GSM3440514_6042316073_R03C02","kurushima",69.44,56.7152108279467,4.04174857349637,"signature_kernel"
"kurushima_GSM3440520_6929806014_R02C01","kurushima",59.6,68.1515730444915,4.22332485390455,"signature_kernel"
"kurushima_GSM3440523_6057825046_R06C01","kurushima",68.13,66.7932003362146,4.20337525022885,"signature_kernel"
"kurushima_GSM3440533_6929806010_R02C02","kurushima",72,60.7270952338518,4.10919169063085,"signature_kernel"
"kurushima_GSM3440538_6929793024_R04C01","kurushima",67.1,60.199328417452,4.10057056570769,"signature_kernel"
"kurushima_GSM3440545_6929742023_R03C02","kurushima",78.7,66.8539450768738,4.20427574988226,"signature_kernel"
"kurushima_GSM3440547_6929793111_R02C01","kurushima",57.4,56.1800784252452,4.03240501886395,"signature_kernel"
"kurushima_GSM3440548_6929793111_R03C01","kurushima",57.4,59.914671378419,4.09589019037509,"signature_kernel"
"kurushima_GSM3440552_6042308108_R04C01","kurushima",48.99,42.0946716494642,3.74930694132716,"signature_kernel"
"kurushima_GSM3440555_6055432139_R05C02","kurushima",68.42,59.9622143869106,4.09667339772995,"signature_kernel"
"kurushima_GSM3440558_6929742080_R05C02","kurushima",42.6,39.1527909090066,3.67869655858261,"signature_kernel"
"kurushima_GSM3440560_6055432102_R04C01","kurushima",70.42,74.1454874896607,4.30697880875728,"signature_kernel"
"kurushima_GSM3440566_6057825036_R06C02","kurushima",71.21,52.4879825162107,3.96548869907725,"signature_kernel"
"kurushima_GSM3440574_6929806013_R06C02","kurushima",72.5,63.8740880766344,4.1591368824846,"signature_kernel"
"kurushima_GSM3440578_6057825036_R05C01","kurushima",64.18,43.7306106753249,3.78654179658503,"signature_kernel"
"kurushima_GSM3440588_6929806011_R02C01","kurushima",43.7,43.6745780932815,3.78528884057761,"signature_kernel"
"kurushima_GSM3440590_6929793026_R01C02","kurushima",54.7,51.8810225931366,3.95405372634288,"signature_kernel"
"kurushima_GSM3440593_6929793103_R04C01","kurushima",57.2,53.778750712498,3.98938688009156,"signature_kernel"
"kurushima_GSM3440604_6929793124_R06C02","kurushima",41.5,39.6333975989149,3.69057385789846,"signature_kernel"
"kurushima_GSM3440606_6042308005_R04C02","kurushima",52.98,31.7518365694375,3.47562654445615,"signature_kernel"
"kurushima_GSM3440624_6929806039_R06C01","kurushima",49.9,40.9207861233007,3.72171919411951,"signature_kernel"
"kurushima_GSM3440625_6929793126_R04C02","kurushima",64.7,59.7052909559389,4.09243374247698,"signature_kernel"
"kurushima_GSM3440627_6929793125_R02C01","kurushima",62.1,56.6233135676969,4.0401501137825,"signature_kernel"
"kurushima_GSM3440630_6055432140_R06C02","kurushima",56.94,54.8632695100303,4.00904094917047,"signature_kernel"
"kurushima_GSM3440635_6929793126_R01C02","kurushima",61.7,51.5007897085373,3.94682410127381,"signature_kernel"
"kurushima_GSM3440640_6055432155_R02C02","kurushima",49.4,65.389439017696,4.18234093541558,"signature_kernel"
"kurushima_GSM3440652_6929793026_R06C02","kurushima",48.9,50.427291503907,3.92613075667475,"signature_kernel"
"kurushima_GSM3440655_6055432140_R06C01","kurushima",43.76,39.3157576352708,3.68273961704765,"signature_kernel"
"kurushima_GSM3440663_6929793109_R04C01","kurushima",37.6,34.799773516761,3.56424884137837,"signature_kernel"
"kurushima_GSM3440665_6929806070_R04C01","kurushima",49.4,52.2640914905789,3.96128561506589,"signature_kernel"
"kurushima_GSM3440669_6929793004_R04C01","kurushima",73.8,64.5108559078974,4.16895188196085,"signature_kernel"
"kurushima_GSM3440670_6929793004_R05C01","kurushima",73.8,62.6473032250321,4.13995689508305,"signature_kernel"
"kurushima_GSM3440671_6929793033_R04C01","kurushima",44,46.0247819185207,3.83655602134775,"signature_kernel"
"kurushima_GSM3440674_6929793167_R02C01","kurushima",49.8,38.332887418729,3.65810672851582,"signature_kernel"
"kurushima_GSM3440678_6929793137_R06C01","kurushima",70.1,64.0643430523074,4.16207934028367,"signature_kernel"
"kurushima_GSM3440685_6929793125_R06C01","kurushima",57.2,54.2995855345633,3.99887308361268,"signature_kernel"
"kurushima_GSM3440692_6055432102_R01C01","kurushima",59.48,62.5064170125365,4.13773094821082,"signature_kernel"
"kurushima_GSM3440696_6057825042_R01C02","kurushima",60.76,65.5472434238917,4.1847272670286,"signature_kernel"
"kurushima_GSM3440724_6055432099_R03C02","kurushima",53.48,51.96639477137,3.95566991635176,"signature_kernel"
"kurushima_GSM3440725_6929793103_R02C02","kurushima",57.3,51.2944956360538,3.9428800533263,"signature_kernel"
"kurushima_GSM3440729_6055432092_R02C02","kurushima",51.2,50.7657297481073,3.93270030528796,"signature_kernel"
"kurushima_GSM3440731_6057825036_R01C01","kurushima",59.46,50.4267240157514,3.92611970518349,"signature_kernel"
"kurushima_GSM3440732_6929806070_R01C01","kurushima",69.2,72.2876727804273,4.28177478244805,"signature_kernel"
"kurushima_GSM3440745_6929806011_R03C02","kurushima",72.9,76.9500733766164,4.3438883639689,"signature_kernel"
"kurushima_GSM3440750_6042308041_R01C01","kurushima",52.1,38.4215883352796,3.66035455112713,"signature_kernel"
"kurushima_GSM3440773_6929806010_R04C01","kurushima",65.1,56.0375184732969,4.02990133872572,"signature_kernel"
"kurushima_GSM3440779_6055432092_R03C01","kurushima",51.73,51.7079104231142,3.95076860652976,"signature_kernel"
"kurushima_GSM3440781_6055432099_R02C01","kurushima",43.72,42.563928572822,3.7601281887509,"signature_kernel"
"kurushima_GSM3440782_6929793109_R06C01","kurushima",67.2,54.3043901961138,3.99896018234619,"signature_kernel"
"kurushima_GSM3440784_6057825006_R04C02","kurushima",45.85,43.4554253223376,3.78037338686754,"signature_kernel"
"kurushima_GSM3440789_6057825019_R03C01","kurushima",67.1,64.9241346887046,4.17527188899684,"signature_kernel"
"mahdi_GSM7866966_207700460080_R08C01","mahdi",60.42,59.9252305691185,4.09606419093345,"signature_kernel"
"mahdi_GSM7866969_207700470041_R01C01","mahdi",47.42,51.9678864562037,3.95569813275656,"signature_kernel"
"mahdi_GSM7866970_207700470049_R03C01","mahdi",78.14,65.681636735536,4.18675518194877,"signature_kernel"
"mahdi_GSM7866972_207705770040_R06C01","mahdi",24.15,19.3106531624052,3.00177273730291,"signature_kernel"
"mahdi_GSM7866979_207705770089_R06C01","mahdi",54.62,51.2837336164122,3.94267387796153,"signature_kernel"
"mahdi_GSM7866987_207700470010_R04C01","mahdi",19.77,20.7340637269994,3.06872250905341,"signature_kernel"
"mahdi_GSM7866991_207700460090_R05C01","mahdi",73.75,66.687290901132,4.20180331164366,"signature_kernel"
"mahdi_GSM7867002_207686140117_R01C01","mahdi",49.34,55.9266589443405,4.02795012235802,"signature_kernel"
"mahdi_GSM7867008_207700470024_R03C01","mahdi",26.96,26.8079653927918,3.31294820158916,"signature_kernel"
"mahdi_GSM7867011_207686140102_R03C01","mahdi",55.38,54.3419055443337,3.99964000275861,"signature_kernel"
"mahdi_GSM7867012_207700460010_R01C01","mahdi",30.4,23.7241023947759,3.19634017108372,"signature_kernel"
"mahdi_GSM7867013_207705770049_R06C01","mahdi",19.6,17.2989981759098,2.89884464364135,"signature_kernel"
"mahdi_GSM7867024_207805820117_R08C01","mahdi",23.31,18.8756649499747,2.98039149403383,"signature_kernel"
"mahdi_GSM7867025_207686140125_R07C01","mahdi",54.84,58.1198854218304,4.06587399554043,"signature_kernel"
"mahdi_GSM7867031_207686150009_R05C01","mahdi",74.85,71.1853941641702,4.26652165513595,"signature_kernel"
"mahdi_GSM7867044_207686140165_R01C01","mahdi",32.36,43.6885637257025,3.78560172127485,"signature_kernel"
"mahdi_GSM7867049_207705770129_R02C01","mahdi",43.87,38.8204358184888,3.67040072080031,"signature_kernel"
"mahdi_GSM7867054_207700460084_R06C01","mahdi",52.91,56.7244912352103,4.04190985724365,"signature_kernel"
"mahdi_GSM7867055_207700460010_R04C01","mahdi",67.47,61.30027658737,4.11847274606321,"signature_kernel"
"mahdi_GSM7867059_207686150009_R06C01","mahdi",60.8,65.3398264360261,4.18158953486244,"signature_kernel"
"mahdi_GSM7867071_207700460090_R06C01","mahdi",63.62,66.7442998750286,4.20264975626466,"signature_kernel"
"mahdi_GSM7867074_207705770091_R08C01","mahdi",24.93,22.1037988560309,3.12919761153431,"signature_kernel"
"mahdi_GSM7867077_207686140044_R03C01","mahdi",34.03,29.479597829049,3.40409804574448,"signature_kernel"
"mahdi_GSM7867080_207700460103_R04C01","mahdi",64.22,59.9243176986612,4.0960491492908,"signature_kernel"
"mahdi_GSM7867082_207700460044_R06C01","mahdi",66.99,76.7933246172048,4.34186022902989,"signature_kernel"
"mahdi_GSM7867088_207700460034_R01C01","mahdi",75.4,60.152564751265,4.09980314527755,"signature_kernel"
"mahdi_GSM7867090_207805820140_R07C01","mahdi",19.81,19.4546750704027,3.00875296007732,"signature_kernel"
"mahdi_GSM7867101_207700460136_R03C01","mahdi",54.79,52.5459900275259,3.96657483827288,"signature_kernel"
"mahdi_GSM7867103_207700460134_R02C01","mahdi",27.56,23.7233153952874,3.1963086219939,"signature_kernel"
"mahdi_GSM7867115_207686150081_R01C01","mahdi",71.15,74.2095956343008,4.30783754103544,"signature_kernel"
"mahdi_GSM7867119_207700470022_R03C01","mahdi",69.42,73.5094369491386,4.2984195842783,"signature_kernel"
"mahdi_GSM7867126_207805820171_R07C01","mahdi",67.49,65.4866886930565,4.1838122131895,"signature_kernel"
"mahdi_GSM7867132_207700460101_R03C01","mahdi",67.64,68.7036459427162,4.23132269826427,"signature_kernel"
"mahdi_GSM7867134_207686150081_R03C01","mahdi",50.12,61.4527644467286,4.12092768363428,"signature_kernel"
"mahdi_GSM7867144_207705770040_R05C01","mahdi",65.51,68.0720933317436,4.22216826014249,"signature_kernel"
"mahdi_GSM7867146_207700470036_R01C01","mahdi",42.22,46.8098690148026,3.85312003482941,"signature_kernel"
"mahdi_GSM7867149_207805820127_R06C01","mahdi",40.14,42.5151703923404,3.75900917282728,"signature_kernel"
"mahdi_GSM7867152_207700470029_R02C01","mahdi",82.67,68.7094537384776,4.23140650333356,"signature_kernel"
"mahdi_GSM7867157_207700470049_R04C01","mahdi",70.01,59.1089477427832,4.08252453326777,"signature_kernel"
"mahdi_GSM7867159_207686150104_R04C01","mahdi",49.88,69.2614446945983,4.23934037094731,"signature_kernel"
"mahdi_GSM7867160_207805820161_R06C01","mahdi",59.96,65.488843192979,4.18384478432617,"signature_kernel"
"mahdi_GSM7867169_207700460028_R02C01","mahdi",27.83,30.7969307893273,3.44618180350833,"signature_kernel"
"mahdi_GSM7867170_207805820117_R02C01","mahdi",57.58,52.4854499010363,3.96544125164168,"signature_kernel"
"mahdi_GSM7867171_207700470004_R04C01","mahdi",49.39,51.6825106498523,3.95028570441027,"signature_kernel"
"mahdi_GSM7867173_207686150008_R06C01","mahdi",67.14,70.3597226355661,4.25494515364557,"signature_kernel"
"mahdi_GSM7867175_207705770050_R04C01","mahdi",45.98,52.4845136810212,3.96542371140898,"signature_kernel"
"mahdi_GSM7867178_207700460134_R05C01","mahdi",31.91,39.9571030473489,3.69849579241255,"signature_kernel"
"mahdi_GSM7867182_207705770099_R03C01","mahdi",34.86,42.5692968147498,3.76025131612206,"signature_kernel"
"mahdi_GSM7867185_207700470042_R06C01","mahdi",77.46,76.6132785575207,4.33952568686744,"signature_kernel"
"mahdi_GSM7867186_207705770040_R07C01","mahdi",73.47,57.4857695562198,4.05505376066741,"signature_kernel"
"mahdi_GSM7867188_207805820146_R06C01","mahdi",26.79,26.7315268746109,3.3102151105751,"signature_kernel"
"mahdi_GSM7867197_207700470029_R04C01","mahdi",69.47,59.7854698784462,4.09375872103156,"signature_kernel"
"mahdi_GSM7867200_207700460020_R06C01","mahdi",53.48,59.9581115065608,4.09660583201703,"signature_kernel"
"mahdi_GSM7867201_207805820161_R03C01","mahdi",42.83,56.9792748597514,4.04632777245676,"signature_kernel"
"mahdi_GSM7867216_207700460142_R07C01","mahdi",40,41.853015221354,3.74368882269918,"signature_kernel"
"mahdi_GSM7867222_207700460069_R04C01","mahdi",57.82,62.0940124146077,4.13118703230821,"signature_kernel"
"mahdi_GSM7867224_207700460068_R04C01","mahdi",69.88,67.7112238018032,4.21690032025316,"signature_kernel"
"mahdi_GSM7867240_207805820127_R07C01","mahdi",65.3,70.8075601455616,4.2612404250927,"signature_kernel"
"mahdi_GSM7867244_207700460080_R07C01","mahdi",73.23,66.3736725776954,4.19713424536237,"signature_kernel"
"mahdi_GSM7867245_207700460044_R03C01","mahdi",33.2,30.6019769691245,3.44006332437993,"signature_kernel"
"mahdi_GSM7867255_207686140044_R08C01","mahdi",86.23,69.8249750286839,4.24737701417548,"signature_kernel"
"mahdi_GSM7867263_207700470049_R05C01","mahdi",41.27,59.6987695902582,4.09232589927902,"signature_kernel"
"mahdi_GSM7867267_207686150008_R05C01","mahdi",79.55,73.2073752907012,4.29432956710872,"signature_kernel"
"mahdi_GSM7867273_207700470047_R03C01","mahdi",30.04,24.7027724737913,3.23482765101589,"signature_kernel"
"mahdi_GSM7867291_207705770129_R08C01","mahdi",30.84,33.6338376557964,3.531259541634,"signature_kernel"
"mahdi_GSM7867292_207686140125_R04C01","mahdi",40.15,38.1479751115474,3.65340463610849,"signature_kernel"
"mahdi_GSM7867296_207700460090_R08C01","mahdi",46.35,44.22542624436,3.79753973655043,"signature_kernel"
"mahdi_GSM7867297_207686150104_R08C01","mahdi",49.81,57.6899602534986,4.05855054202543,"signature_kernel"
"mahdi_GSM7867298_207700460019_R08C01","mahdi",58.55,54.6677184349711,4.00552505994659,"signature_kernel"
"mahdi_GSM7867305_207686140044_R02C01","mahdi",55.84,58.6424058409298,4.07470437812497,"signature_kernel"
"mahdi_GSM7867313_207700460068_R07C01","mahdi",26.6,19.8151584542544,3.02601488173931,"signature_kernel"
"mahdi_GSM7867317_207705770135_R08C01","mahdi",37.82,38.7228634597763,3.66795226905607,"signature_kernel"
"mahdi_GSM7867319_207686140115_R04C01","mahdi",57.79,61.2967211134835,4.11841543503015,"signature_kernel"
"mahdi_GSM7867322_207700460134_R04C01","mahdi",54.81,74.1486953277717,4.30702179507152,"signature_kernel"
"mahdi_GSM7867331_207700460115_R01C01","mahdi",46.94,51.2585477367402,3.94219121120911,"signature_kernel"
"mahdi_GSM7867339_207700470047_R05C01","mahdi",24.3,19.8032847128195,3.02545099367525,"signature_kernel"
"mahdi_GSM7867346_207700460103_R02C01","mahdi",44.32,46.834017344967,3.8536252601053,"signature_kernel"
"mahdi_GSM7867349_207705770049_R01C01","mahdi",29.14,36.0361237049824,3.59809263359657,"signature_kernel"
"mahdi_GSM7867358_207700460066_R06C01","mahdi",74.6,65.4129421663491,4.18269670601314,"signature_kernel"
"mahdi_GSM7867363_207700460142_R04C01","mahdi",76.83,75.003074713594,4.31840698831003,"signature_kernel"
"mahdi_GSM7867366_207686150081_R05C01","mahdi",75.78,76.7781132495714,4.34166319871556,"signature_kernel"
"mahdi_GSM7867370_207700460035_R02C01","mahdi",58.91,68.3733384531251,4.22654508706436,"signature_kernel"
"mahdi_GSM7867384_207700460135_R04C01","mahdi",74.3,72.9054101609486,4.29022444021279,"signature_kernel"
"mahdi_GSM7867400_207700470022_R04C01","mahdi",77.47,68.2778589811512,4.22515988416431,"signature_kernel"
"mahdi_GSM7867412_207700460063_R08C01","mahdi",51.93,54.4925057485785,4.00236448209503,"signature_kernel"
"mahdi_GSM7867413_207686140076_R04C01","mahdi",78.64,72.3174368821683,4.28218351303948,"signature_kernel"
"mahdi_GSM7867414_207686140076_R01C01","mahdi",19.65,20.5625618350079,3.06088803183134,"signature_kernel"
"mahdi_GSM7867417_207700470049_R02C01","mahdi",61.01,56.1314169955586,4.03155110498615,"signature_kernel"
"mahdi_GSM7867420_207686140115_R01C01","mahdi",71.14,67.8276769863543,4.21860326555051,"signature_kernel"
"mahdi_GSM7867424_207700460136_R07C01","mahdi",44.48,51.3117939860982,3.94321136196458,"signature_kernel"
"mahdi_GSM7867439_207700460080_R03C01","mahdi",28.39,37.6833192064889,3.64149163509081,"signature_kernel"
"mahdi_GSM7867446_207700460028_R04C01","mahdi",72.99,76.5719613984684,4.33898920178097,"signature_kernel"
"mahdi_GSM7867451_207700470047_R06C01","mahdi",60.04,54.596005048047,4.00423264396414,"signature_kernel"
"mahdi_GSM7867457_207686140044_R05C01","mahdi",45.27,49.4232338886833,3.90638670618262,"signature_kernel"
"mahdi_GSM7867461_207700460101_R06C01","mahdi",47.79,70.0982996555646,4.25125230878819,"signature_kernel"
"quinn_GSM7026368_203845450033_R01C01","quinn",1.016438356,0.414955057618239,0.519040440300728,"signature_kernel"
"quinn_GSM7026369_203845450033_R02C01","quinn",3,5.39421094537155,1.87641357508199,"signature_kernel"
"quinn_GSM7026373_203845450033_R08C01","quinn",0,0.270826365417232,0.431874079539827,"signature_kernel"
"quinn_GSM7026377_203845450024_R06C01","quinn",0,0.1115759907975,0.32581384229433,"signature_kernel"
"quinn_GSM7026381_203845450037_R03C01","quinn",2.01369863,2.82871906942958,1.39388378082468,"signature_kernel"
"quinn_GSM7026383_203845450037_R06C01","quinn",0.491803279,0.416141545217112,0.519727399739069,"signature_kernel"
"quinn_GSM7026393_203841950132_R07C01","quinn",0,0.113861508860821,0.327418316636962,"signature_kernel"
"quinn_GSM7026402_203841950147_R04C01","quinn",2.847278988,2.72648334396285,1.36886908088424,"signature_kernel"
"quinn_GSM7026403_203841950147_R05C01","quinn",2.057534247,3.54223699928752,1.55296739422728,"signature_kernel"
"quinn_GSM7026412_203841950117_R07C01","quinn",0,0.111734301366229,0.32592506211682,"signature_kernel"
"quinn_GSM7026421_203845450043_R04C01","quinn",0,0.11220416592061,0.32625508890615,"signature_kernel"
"quinn_GSM7026444_203968030074_R06C01","quinn",0,0.113256057232644,0.326993529309353,"signature_kernel"
"quinn_GSM7026453_203968030067_R01C01","quinn",0.844479377,1.0600721795673,0.836531157281694,"signature_kernel"
"quinn_GSM7026454_203968030067_R02C01","quinn",0,0.112173848369024,0.326233797535328,"signature_kernel"
"quinn_GSM7026456_203968030067_R04C01","quinn",0,0.113014104046471,0.32682372351314,"signature_kernel"
"quinn_GSM7026466_203845450078_R02C01","quinn",0.501369863,0.247247970744608,0.416862607292006,"signature_kernel"
"quinn_GSM7026472_203968030103_R05C01","quinn",1.065753425,2.09905378244312,1.19993277533838,"signature_kernel"
"quinn_GSM7026473_203845450083_R01C01","quinn",2.035616438,2.35150331256936,1.27136686322004,"signature_kernel"
"quinn_GSM7026475_203845450083_R04C01","quinn",2.874601392,6.18479565982103,1.98796824755545,"signature_kernel"
"quinn_GSM7026480_203960330106_R03C01","quinn",2.035616438,3.04872002890894,1.44568264293873,"signature_kernel"
"quinn_GSM7026481_203960330106_R04C01","quinn",1.224657534,1.73046371094066,1.08552755676397,"signature_kernel"
"quinn_GSM7026487_203960330138_R06C01","quinn",0,0.112766420739712,0.326649866386728,"signature_kernel"
"quinn_GSM7026495_203960330108_R01C01","quinn",3.035616438,4.80682162271385,1.78466510369927,"signature_kernel"
"quinn_GSM7026498_203960330108_R07C01","quinn",0,0.11262289204571,0.326549105007921,"signature_kernel"
"quinn_GSM7026500_203841950174_R02C01","quinn",0,0.112661399719946,0.326576139527789,"signature_kernel"
"quinn_GSM7026502_203841950174_R04C01","quinn",1.980821918,2.73679615221544,1.37142091697168,"signature_kernel"
"quinn_GSM7026508_203841950080_R04C01","quinn",2.005479452,4.45166262217728,1.72481805028818,"signature_kernel"
"quinn_GSM7026510_203841950080_R07C01","quinn",0.501369863,0.501242365369138,0.567808602057939,"signature_kernel"
"quinn_GSM7026512_203841950149_R01C01","quinn",2,4.77967555971123,1.78021487348151,"signature_kernel"
"quinn_GSM7026515_203841950149_R05C01","quinn",0,0.116723226649061,0.329423672036182,"signature_kernel"
"quinn_GSM7026524_203998250028_R01C01","quinn",2.008219178,6.68420083718073,2.05253061753396,"signature_kernel"
"quinn_GSM7026525_203998250028_R07C01","quinn",0,0.114786108204471,0.328066671455393,"signature_kernel"
"xu_GSM5310261_3999979017_R05C01","xu",45.6,39.2521665081803,3.68116389935297,"signature_kernel"
"xu_GSM5310280_3999979115_R06C02","xu",72.9,60.1765876498433,4.10019744799888,"signature_kernel"
"xu_GSM5310281_3999979116_R06C01","xu",71.9,64.9566722305189,4.17576780566334,"signature_kernel"
"xu_GSM5310286_3999979130_R06C02","xu",61.4,54.458211695403,4.00174471666264,"signature_kernel"
"xu_GSM5310292_3999984009_R04C02","xu",70.2,55.0179441481846,4.01181331937168,"signature_kernel"
"xu_GSM5310298_3999984043_R03C02","xu",70.3,66.2572595827941,4.19539566825426,"signature_kernel"
"xu_GSM5310299_3999984046_R06C01","xu",48.6,47.10656177045,3.85930998635285,"signature_kernel"
"xu_GSM5310300_3999984047_R03C01","xu",67.9,77.0224470442106,4.34482343555058,"signature_kernel"
"xu_GSM5310310_3999984092_R06C01","xu",66.1,65.3610058896761,4.18191037308332,"signature_kernel"
"xu_GSM5310311_3999984136_R06C02","xu",50.6,54.7268457243405,4.00658941546344,"signature_kernel"
"xu_GSM5310313_3999997002_R02C01","xu",70.8,82.7766604605487,4.41656262229848,"signature_kernel"
"xu_GSM5310319_3999997024_R06C02","xu",46.6,41.961354686947,3.74621139356661,"signature_kernel"
"xu_GSM5310325_3999997057_R05C01","xu",68.8,59.7692140424849,4.09349022820712,"signature_kernel"
"xu_GSM5310329_3999997067_R04C02","xu",49.2,50.3328912192984,3.92429071158485,"signature_kernel"
"xu_GSM5310345_9993943007_R03C01","xu",61.3,64.6436695143677,4.17098718899129,"signature_kernel"
"xu_GSM5310352_9993943067_R04C02","xu",41.4,33.3686476151776,3.52360341028007,"signature_kernel"
"xu_GSM5310361_9994014021_R02C01","xu",52.2,34.8236584248334,3.56491351655202,"signature_kernel"
"xu_GSM5310363_9994014030_R06C02","xu",62.2,53.4712134658925,3.98374370871928,"signature_kernel"
"xu_GSM5310373_9994014111_R05C02","xu",46.6,43.4065411110938,3.77927368562176,"signature_kernel"
"xu_GSM5310375_9994014114_R02C01","xu",73.4,76.7916455544351,4.34183848227097,"signature_kernel"
"xu_GSM5310378_9994014117_R06C01","xu",50.1,54.3872288871402,4.00046070693136,"signature_kernel"
"xu_GSM5310380_9994014120_R05C01","xu",66.1,65.1256594120889,4.17833953065907,"signature_kernel"
"xu_GSM5310385_9994014134_R06C01","xu",69.7,61.8091901794626,4.12664289766414,"signature_kernel"
"xu_GSM5310391_9994014147_R04C01","xu",57.1,51.2659394515829,3.94233289115109,"signature_kernel"
"xu_GSM5310398_9994014162_R06C01","xu",72.4,54.3994210547636,4.00068136672824,"signature_kernel"
"xu_GSM5310406_9994014184_R02C02","xu",51.9,53.9118197254753,3.99181895939004,"signature_kernel"
"xu_GSM5310407_9994014185_R01C01","xu",64.2,53.7221618425371,3.98835084897085,"signature_kernel"
"xu_GSM5310414_9994014204_R06C01","xu",49.3,38.6563437277036,3.66627963968417,"signature_kernel"
"xu_GSM5310421_9996247008_R06C01","xu",67.7,62.5182947954361,4.13791880028793,"signature_kernel"
"xu_GSM5310426_9996247015_R02C02","xu",70.9,59.9390103595434,4.09629121772382,"signature_kernel"
"xu_GSM5310429_9996247020_R05C01","xu",75.1,74.209663997514,4.30783845637992,"signature_kernel"
"xu_GSM5310430_9996247021_R02C01","xu",59.3,50.764378542466,3.93267416086394,"signature_kernel"
"xu_GSM5310434_9996247033_R06C01","xu",42.4,42.41799246955,3.75677521439145,"signature_kernel"
"xu_GSM5310436_9996247036_R03C02","xu",67.5,54.3284056897107,3.9993954225275,"signature_kernel"
"xu_GSM5310440_9996247042_R01C01","xu",64.5,54.2222090306277,3.99746937635173,"signature_kernel"
"xu_GSM5310444_9996247057_R06C01","xu",47.7,24.7132140572567,3.23523045514814,"signature_kernel"
"xu_GSM5310460_9996247090_R02C01","xu",73.4,71.7159492246271,4.2738917964466,"signature_kernel"
"xu_GSM5310463_9996247095_R01C02","xu",36.6,21.5156242446664,3.1036729141917,"signature_kernel"
"xu_GSM5310465_9996247097_R02C01","xu",45.4,33.2621649774707,3.52051281694085,"signature_kernel"
"xu_GSM5310468_9996247102_R02C01","xu",46.5,35.0151957715371,3.57022791613173,"signature_kernel"
"xu_GSM5310470_9996247107_R02C01","xu",49.3,42.6205452708483,3.76142601103168,"signature_kernel"
"xu_GSM5310478_9996247134_R06C01","xu",60.8,63.9517030646225,4.16033829104594,"signature_kernel"
"xu_GSM5310480_9996247139_R01C02","xu",39.1,26.7657071190477,3.31143815529051,"signature_kernel"
"xu_GSM5310484_9996247145_R05C01","xu",47.7,31.8227473653819,3.47777922200102,"signature_kernel"
"xu_GSM5310492_9996247163_R03C02","xu",64,58.2400881411238,4.06791216765212,"signature_kernel"
"xu_GSM5310497_9996247174_R01C01","xu",38.2,22.4269766182383,3.14295171829858,"signature_kernel"
"xu_GSM5310512_9996247198_R05C02","xu",70.8,82.5849043943747,4.41425108984672,"signature_kernel"
"xu_GSM5310513_9996247199_R04C01","xu",41.3,28.8828247411385,3.38444006307344,"signature_kernel"
